at DAY ,DEPARTURE
tloc: SAARBRUCKEN ,TGTLOCATION
type: BURBACH WORKS-BLAST FUM ,TGTTYPE
date 1917-10-16 ,MSNDATE
desig: AIRCO DH4 DAY BOMBER ,MDS
pc: 35.0,NUMBEROFPLANESATTACKING
dummy,O
,
Unit NO. 55 SQDN ,UNIT
224.0kg dropped ,BOMBLOAD
to WADGASSEN & BOUS ,TGTLOCATION
type: FACTORY & RAILWAYS ,TGTTYPE
on 1917-10-20 ,MSNDATE
dummy,O
,
during the NIGHT,DEPARTURE
target SAARBRUCKEN ETC ,TGTLOCATION
date 1917-10-23 ,MSNDATE
FE2B ,MDS
pc: 5.0,NUMBEROFPLANESATTACKING
dummy,O
,
bl: 1344.0 ,BOMBLOAD
during the NIGHT,DEPARTURE
pc: 34.0,NUMBEROFPLANESATTACKING
dummy,O
,
bl: 305.0 ,BOMBLOAD
trgt SAARBRUCKEN & OTHERS ,TGTLOCATION
dt: 1917-10-28,MSNDATE
desig: FE2B ,MDS
qty: 23.0 ,NUMBEROFPLANESATTACKING
dummy,O
,
Unit NO. 55 SQDN ,UNIT
226.0kg dropped ,BOMBLOAD
at DAY ,DEPARTURE
target PIRMASENS ,TGTLOCATION
pc: 5.0,NUMBEROFPLANESATTACKING
dummy,O
,
unit: NO. 100 SQDN ,UNIT
bl: 307.5 ,BOMBLOAD
at NIGHT ,DEPARTURE
FACT FUM STEELWRKS TM ,TGTTYPE
date 1917-10-29 ,MSNDATE
FE2B ,MDS
qty: 3.0 ,NUMBEROFPLANESATTACKING
dummy,O
,
Unit NO. 55 SQDN ,UNIT
DAY ,DEPARTURE
trgt KAISERSLAUTERN ,TGTLOCATION
MUNITIONS FACTORY ,TGTTYPE
AIRCO DH4 DAY BOMBER ,MDS
pc: 33.0,NUMBEROFPLANESATTACKING
dummy,O
,
NO. 55 SQDN ,UNIT
tloc: SAARBRUCKEN & ZWEIBRUCKEN ,TGTLOCATION
FACTORY TOWN RAIL STATION ,TGTTYPE
date 1917-12-04 ,MSNDATE
AIRCO DH4 DAY BOMBER ,MDS
dummy,O
,
Unit NO. 55 SQDN ,UNIT
bl: 218.7272727 ,BOMBLOAD
dt: 1917-12-05,MSNDATE
desig: AIRCO DH4 DAY BOMBER ,MDS
qty: 4.0 ,NUMBEROFPLANESATTACKING
dummy,O
,
NO. 55 SQDN ,UNIT
227.71428569999998kg dropped ,BOMBLOAD
during the DAY,DEPARTURE
dt: 1917-12-10,MSNDATE
AIRCO DH4 DAY BOMBER ,MDS
qty: 34.0 ,NUMBEROFPLANESATTACKING
dummy,O
,
unit: NO. 55 SQDN ,UNIT
LANZ CO RAIL JTN BASF ,TGTTYPE
date 1917-12-23 ,MSNDATE
desig: AIRCO DH4 DAY BOMBER ,MDS
pc: 3.0,NUMBEROFPLANESATTACKING
dummy,O
,
at NIGHT ,DEPARTURE
trgt METZ MAZIERES WOIPPY ,TGTLOCATION
FURNACES & RAILROADS ,TGTTYPE
on 1918-01-02 ,MSNDATE
pc: 31.0,NUMBEROFPLANESATTACKING
dummy,O
,
Unit NO. 100 SQDN ,UNIT
377.5kg dropped ,BOMBLOAD
during the NIGHT,DEPARTURE
target 5 SITES W/I 20 NM OF METZ ,TGTLOCATION
RAIL FACT FURNACE ,TGTTYPE
on 1918-01-03 ,MSNDATE
dummy,O
,
NO. 100 SQDN ,UNIT
FE2B ,MDS
pc: 33.0,NUMBEROFPLANESATTACKING
dummy,O
,
Unit NO. 216 SQDN ,UNIT
NIGHT ,DEPARTURE
target COURCELLES ,TGTLOCATION
dt: 1918-01-04,MSNDATE
dummy,O
,
229.33333330000002kg dropped ,BOMBLOAD
tloc: KARLSRUHE ,TGTLOCATION
type: MUNITION WORKS RAILWAYS ,TGTTYPE
AIRCO DH4 DAY BOMBER ,MDS
qty: 5.0 ,NUMBEROFPLANESATTACKING
dummy,O
,
Unit NO. 100 SQDN ,UNIT
at NIGHT ,DEPARTURE
target THIONVILLE ,TGTLOCATION
type: STEEL WORKS RAIL JTN ,TGTTYPE
on 1918-01-13 ,MSNDATE
desig: FE2B ,MDS
dummy,O
,
Payload:280.0kg ,BOMBLOAD
dept: NIGHT ,DEPARTURE
RAIL SIDINGS & SEARCHLITE ,TGTTYPE
pc: 14.0,NUMBEROFPLANESATTACKING
dummy,O
,
Unit NO. 100 SQDN ,UNIT
bl: 319.0909091 ,BOMBLOAD
NIGHT ,DEPARTURE
FACTORIES & RAIL TARGETS ,TGTTYPE
date 1918-01-20 ,MSNDATE
dummy,O
,
Payload:1344.0kg ,BOMBLOAD
target ARNAVILLE ,TGTLOCATION
RAILWAY ,TGTTYPE
on 1918-01-20 ,MSNDATE
dummy,O
,
Unit NO. 100 SQDN ,UNIT
259.4kg dropped ,BOMBLOAD
dept: NIGHT ,DEPARTURE
TOWNS STEEL WORKS ,TGTTYPE
dummy,O
,
unit: NO. 216 SQDN ,UNIT
during the NIGHT,DEPARTURE
BASF ,TGTTYPE
desig: HADLEY PAGE O/100 ,MDS
qty: 14.0 ,NUMBEROFPLANESATTACKING
dummy,O
,
NO. 55 SQDN ,UNIT
DAY ,DEPARTURE
tloc: TREVES ,TGTLOCATION
desig: AIRCO DH4 DAY BOMBER ,MDS
qty: 34.0 ,NUMBEROFPLANESATTACKING
dummy,O
,
320.6666667kg dropped ,BOMBLOAD
type: SIDINGS & STATION ,TGTTYPE
dt: 1918-02-08,MSNDATE
FE2B ,MDS
pc: 23.0,NUMBEROFPLANESATTACKING
dummy,O
,
Unit NO. 55 SQDN ,UNIT
Payload:236.5kg ,BOMBLOAD
to OFFENBURG ,TGTLOCATION
on 1918-02-11 ,MSNDATE
dummy,O
,
unit: NO. 100 SQDN ,UNIT
NIGHT ,DEPARTURE
trgt CONFLANS ,TGTLOCATION
on 1918-02-15 ,MSNDATE
dummy,O
,
Unit NO. 216 SQDN ,UNIT
0.0kg dropped ,BOMBLOAD
tloc: CONFLANS ,TGTLOCATION
dt: 1918-02-15,MSNDATE
HADLEY PAGE O/100 ,MDS
dummy,O
,
365.3333333kg dropped ,BOMBLOAD
NIGHT ,DEPARTURE
target CONFLANS ,TGTLOCATION
date 1918-02-17 ,MSNDATE
FE2B ,MDS
dummy,O
,
unit: NO. 216 SQDN ,UNIT
target UNKNOWN ,TGTLOCATION
date 1918-02-17 ,MSNDATE
HADLEY PAGE O/100 ,MDS
qty: 1.0 ,NUMBEROFPLANESATTACKING
dummy,O
,
unit: NO. 55 SQDN ,UNIT
241.7777778kg dropped ,BOMBLOAD
DAY ,DEPARTURE
trgt THIONVILLE & TREVES ,TGTLOCATION
RAIL SIDINQS GAS WORKS ,TGTTYPE
dt: 1918-02-18,MSNDATE
dummy,O
,
Unit NO. 100 SQDN ,UNIT
Payload:285.6kg ,BOMBLOAD
dept: NIGHT ,DEPARTURE
to TREVES & THIONVILLE ,TGTLOCATION
dt: 1918-02-18,MSNDATE
FE2B ,MDS
dummy,O
,
Payload:0.0kg ,BOMBLOAD
tloc: UNKNOWN ,TGTLOCATION
date 1918-02-18 ,MSNDATE
HADLEY PAGE O/100 ,MDS
qty: 1.0 ,NUMBEROFPLANESATTACKING
dummy,O
,
unit: NO. 55 SQDN ,UNIT
226.0kg dropped ,BOMBLOAD
DAY ,DEPARTURE
to TREVES ,TGTLOCATION
BARRACKS & RAIL SIN ,TGTTYPE
date 1918-02-19 ,MSNDATE
AIRCO DH4 DAY BOMBER ,MDS
dummy,O
,
unit: NO. 216 SQDN ,UNIT
during the NIGHT,DEPARTURE
target THIONVILLE ,TGTLOCATION
type: RAIL STN & STEEL WORKS ,TGTTYPE
date 1918-02-19 ,MSNDATE
pc: 14.0,NUMBEROFPLANESATTACKING
dummy,O
,
NO. 55 SQDN ,UNIT
dept: DAY ,DEPARTURE
RAIL STN & FACTORIES ,TGTTYPE
desig: AIRCO DH4 DAY BOMBER ,MDS
dummy,O
,
NIGHT ,DEPARTURE
to FRESCATY ,TGTLOCATION
type: AERODROME ,TGTTYPE
FE2B ,MDS
pc: 36.0,NUMBEROFPLANESATTACKING
dummy,O
,
1344.0kg dropped ,BOMBLOAD
NIGHT ,DEPARTURE
desig: HADLEY PAGE O/100 ,MDS
dummy,O
,
bl: 395.0 ,BOMBLOAD
at NIGHT ,DEPARTURE
tloc: FRESCATY ,TGTLOCATION
desig: FE2B ,MDS
dummy,O
,
Unit NO. 55 SQDN ,UNIT
230.1818182kg dropped ,BOMBLOAD
at DAY ,DEPARTURE
AIRCO DH4 DAY BOMBER ,MDS
dummy,O
,
unit: NO. 55 SQDN ,UNIT
during the DAY,DEPARTURE
trgt STUTTGART ,TGTLOCATION
FACTORIES RAILWAYS. BKS ,TGTTYPE
dt: 1918-03-10,MSNDATE
qty: 4.0 ,NUMBEROFPLANESATTACKING
dummy,O
,
NO. 55 SQDN ,UNIT
at DAY ,DEPARTURE
tloc: COBLENZ ,TGTLOCATION
type: FACTORIES STATION BKS ,TGTTYPE
on 1918-03-12 ,MSNDATE
desig: AIRCO DH4 DAY BOMBER ,MDS
dummy,O
,
dept: DAY ,DEPARTURE
tloc: FREIBURQ ,TGTLOCATION
on 1918-03-13 ,MSNDATE
AIRCO DH4 DAY BOMBER ,MDS
dummy,O
,
268.2857143kg dropped ,BOMBLOAD
during the DAY,DEPARTURE
trgt ZWEIBRUCKEN ,TGTLOCATION
AIRCO DH4 DAY BOMBER ,MDS
dummy,O
,
NO. 55 SQDN ,UNIT
trgt KAISERSLAUTERN ,TGTLOCATION
date 1918-03-17 ,MSNDATE
desig: AIRCO DH4 DAY BOMBER ,MDS
qty: 36.0 ,NUMBEROFPLANESATTACKING
dummy,O
,
Unit NO. 55 SQDN ,UNIT
bl: 260.6666667 ,BOMBLOAD
during the DAY,DEPARTURE
to MANNHEIM ,TGTLOCATION
type: BASF ,TGTTYPE
on 1918-03-18 ,MSNDATE
AIRCO DH4 DAY BOMBER ,MDS
pc: 36.0,NUMBEROFPLANESATTACKING
dummy,O
,
bl: 328.1666667 ,BOMBLOAD
dept: NIGHT ,DEPARTURE
type: RAILWAYS ,TGTTYPE
on 1918-03-23 ,MSNDATE
FE2B ,MDS
qty: 5.0 ,NUMBEROFPLANESATTACKING
dummy,O
,
unit: NO. 100 SQDN ,UNIT
280.7272727kg dropped ,BOMBLOAD
dept: NIGHT ,DEPARTURE
dt: 1918-03-23,MSNDATE
dummy,O
,
NO. 216 SQDN ,UNIT
bl: 1120.0 ,BOMBLOAD
to CONZ ,TGTLOCATION
type: SIDINGS STN BRIDGES ,TGTTYPE
dt: 1918-03-23,MSNDATE
desig: HADLEY PAGE O/100 ,MDS
dummy,O
,
NO. 55 SQDN ,UNIT
Payload:256.9166667kg ,BOMBLOAD
dept: DAY ,DEPARTURE
type: BASF ,TGTTYPE
dummy,O
,
target METZ & THIONVILLE ,TGTLOCATION
METZ-LUXEMBOURG RAILWAY ,TGTTYPE
desig: FE2B ,MDS
pc: 7.0,NUMBEROFPLANESATTACKING
dummy,O
,
Unit NO. 216 SQDN ,UNIT
1194.666667kg dropped ,BOMBLOAD
tloc: COLOGNE LUX COURCELLES ,TGTLOCATION
FACTORY RAILWAY STATION ,TGTTYPE
date 1918-03-24 ,MSNDATE
HADLEY PAGE O/100 ,MDS
qty: 23.0 ,NUMBEROFPLANESATTACKING
dummy,O
,
NO. 55 SQDN ,UNIT
bl: 225.63636359999998 ,BOMBLOAD
type: RAIL JTN & SIDINGS ,TGTTYPE
date 1918-03-27 ,MSNDATE
desig: AIRCO DH4 DAY BOMBER ,MDS
pc: 4.0,NUMBEROFPLANESATTACKING
dummy,O
,
Unit NO. 55 SQDN ,UNIT
Payload:225.5kg ,BOMBLOAD
DAY ,DEPARTURE
desig: AIRCO DH4 DAY BOMBER ,MDS
qty: 5.0 ,NUMBEROFPLANESATTACKING
dummy,O
,
Unit NO. 55 SQDN ,UNIT
bl: 224.0 ,BOMBLOAD
target LUXEMBOURG ,TGTLOCATION
type: RAILWAYS & STATION ,TGTTYPE
dt: 1918-04-05,MSNDATE
qty: 4.0 ,NUMBEROFPLANESATTACKING
dummy,O
,
NO. 55 SQDN ,UNIT
dept: DAY ,DEPARTURE
to LUXEMBOURG ,TGTLOCATION
RAILWAYS & STATION ,TGTTYPE
on 1918-04-11 ,MSNDATE
qty: 4.0 ,NUMBEROFPLANESATTACKING
dummy,O
,
unit: NO. 55 SQDN ,UNIT
at DAY ,DEPARTURE
to METZ-SABLON ,TGTLOCATION
dt: 1918-04-12,MSNDATE
desig: AIRCO DH4 DAY BOMBER ,MDS
dummy,O
,
unit: NO. 100 SQDN ,UNIT
during the NIGHT,DEPARTURE
trgt JUNIVILLE ,TGTLOCATION
type: RAILWAY SIDINGS & STATION ,TGTTYPE
date 1918-04-12 ,MSNDATE
desig: FE2B ,MDS
pc: 33.0,NUMBEROFPLANESATTACKING
dummy,O
,
Payload:1344.0kg ,BOMBLOAD
dept: NIGHT ,DEPARTURE
trgt AMAGNE-LUCQUY JUNIVILLE ,TGTLOCATION
dummy,O
,
261.3333333kg dropped ,BOMBLOAD
dept: NIGHT ,DEPARTURE
to JUNIVILLE ,TGTLOCATION
type: JUNCTION STATION ,TGTTYPE
dt: 1918-04-19,MSNDATE
desig: FE2B ,MDS
dummy,O
,
1568.0kg dropped ,BOMBLOAD
tloc: JUNIVILLE & BETHENVILLE ,TGTLOCATION
type: JUNCTION STN SIDINGS ,TGTTYPE
qty: 23.0 ,NUMBEROFPLANESATTACKING
dummy,O
,
during the NIGHT,DEPARTURE
tloc: CHAULNES. ROYE HAM ,TGTLOCATION
RAIL STATIONS & JUNCTIONS ,TGTTYPE
dt: 1918-04-20,MSNDATE
dummy,O
,
unit: NO. 216 SQDN ,UNIT
bl: 1568.0 ,BOMBLOAD
during the NIGHT,DEPARTURE
on 1918-04-20 ,MSNDATE
qty: 14.0 ,NUMBEROFPLANESATTACKING
dummy,O
,
unit: NO. 55 SQDN ,UNIT
during the DAY,DEPARTURE
trgt THIONVILLE ,TGTLOCATION
dt: 1918-05-02,MSNDATE
desig: AIRCO DH4 DAY BOMBER ,MDS
dummy,O
,
unit: NO. 55 SQDN ,UNIT
DAY ,DEPARTURE
tloc: THIONVILLE ,TGTLOCATION
CARLSHUTTE WRKS RAIL BLDG ,TGTTYPE
desig: AIRCO DH4 DAY BOMBER ,MDS
pc: 5.0,NUMBEROFPLANESATTACKING
dummy,O
,
unit: NO. 100 SQDN ,UNIT
224.0kg dropped ,BOMBLOAD
during the NIGHT,DEPARTURE
to JUNIVILLE ASFELD AMAGNE ,TGTLOCATION
on 1918-05-03 ,MSNDATE
pc: 36.0,NUMBEROFPLANESATTACKING
dummy,O
,
unit: NO. 55 SQDN ,UNIT
Payload:224.0kg ,BOMBLOAD
DAY ,DEPARTURE
AIRCO DH4 DAY BOMBER ,MDS
pc: 5.0,NUMBEROFPLANESATTACKING
dummy,O
,
Payload:224.0kg ,BOMBLOAD
during the DAY,DEPARTURE
RAIL STATION & SIDINGS ,TGTTYPE
on 1918-05-16 ,MSNDATE
pc: 5.0,NUMBEROFPLANESATTACKING
dummy,O
,
Unit NO. 55 SQDN ,UNIT
224.0kg dropped ,BOMBLOAD
to METZ ,TGTLOCATION
type: RAIL STATION & SIDINGS ,TGTTYPE
date 1918-05-17 ,MSNDATE
dummy,O
,
dept: NIGHT ,DEPARTURE
target METZ METZ-SABLON THIONVILLE ,TGTLOCATION
type: RAIL STATIONS & WORKS ,TGTTYPE
on 1918-05-17 ,MSNDATE
FE2B ,MDS
qty: 3.0 ,NUMBEROFPLANESATTACKING
dummy,O
,
Unit NO. 216 SQDN ,UNIT
during the NIGHT,DEPARTURE
target THIONVILLE ,TGTLOCATION
RAIL STATION ,TGTTYPE
pc: 2.0,NUMBEROFPLANESATTACKING
dummy,O
,
NO. 55 SQDN ,UNIT
Payload:278.4kg ,BOMBLOAD
at DAY ,DEPARTURE
RAIL STATION & SIDINGS ,TGTTYPE
AIRCO DH4 DAY BOMBER ,MDS
pc: 31.0,NUMBEROFPLANESATTACKING
dummy,O
,
unit: NO. 55 SQDN ,UNIT
Payload:225.8kg ,BOMBLOAD
at DAY ,DEPARTURE
type: RAIL STATION & BARRACKS ,TGTTYPE
pc: 3.0,NUMBEROFPLANESATTACKING
dummy,O
,
Unit NO. 100 SQDN ,UNIT
bl: 224.0 ,BOMBLOAD
at NIGHT ,DEPARTURE
type: RAIL STATIONS ,TGTTYPE
on 1918-05-20 ,MSNDATE
FE2B ,MDS
dummy,O
,
Unit NO. 216 SQDN ,UNIT
1232.0kg dropped ,BOMBLOAD
to THIONVILLE METZ-SABLON COBLENZ ,TGTLOCATION
RAIL STATIONS S BARRACKS ,TGTTYPE
dt: 1918-05-20,MSNDATE
desig: HADLEY PAGE O/100 ,MDS
qty: 33.0 ,NUMBEROFPLANESATTACKING
dummy,O
,
unit: NO. 55 SQDN ,UNIT
Payload:224.0kg ,BOMBLOAD
dept: DAY ,DEPARTURE
tloc: CHARLEROI NAMUR METZ-SABLON ,TGTLOCATION
date 1918-05-21 ,MSNDATE
AIRCO DH4 DAY BOMBER ,MDS
qty: 4.0 ,NUMBEROFPLANESATTACKING
dummy,O
,
Payload:224.0kg ,BOMBLOAD
to METZ-SABLON ,TGTLOCATION
type: RAIL STATION & SIDINGS ,TGTTYPE
on 1918-05-21 ,MSNDATE
dummy,O
,
unit: NO. 100 SQDN ,UNIT
during the NIGHT,DEPARTURE
RAIL STATION & SIDINGS ,TGTTYPE
pc: 8.0,NUMBEROFPLANESATTACKING
dummy,O
,
NO. 216 SQDN ,UNIT
bl: 1297.714286 ,BOMBLOAD
HADLEY PAGE O/100 ,MDS
pc: 34.0,NUMBEROFPLANESATTACKING
dummy,O
,
bl: 224.0 ,BOMBLOAD
type: RAIL STATION ,TGTTYPE
date 1918-05-22 ,MSNDATE
dummy,O
,
NO. 99 SQDN ,UNIT
224.0kg dropped ,BOMBLOAD
at DAY ,DEPARTURE
target METZ-SABLON ,TGTLOCATION
type: RAILWAY TRIANGLE ,TGTTYPE
on 1918-05-22 ,MSNDATE
pc: 33.0,NUMBEROFPLANESATTACKING
dummy,O
,
NO. 100 SQDN ,UNIT
bl: 284.0 ,BOMBLOAD
dept: NIGHT ,DEPARTURE
trgt KREUZWALD SPITTEL ,TGTLOCATION
ELECTRICAL STATION RAIL ,TGTTYPE
dummy,O
,
1299.2kg dropped ,BOMBLOAD
target KREUZWALD MANNHEIM ,TGTLOCATION
ELECT STN BASF ,TGTTYPE
on 1918-05-22 ,MSNDATE
HADLEY PAGE O/100 ,MDS
pc: 31.0,NUMBEROFPLANESATTACKING
dummy,O
,
NO. 99 SQDN ,UNIT
dept: DAY ,DEPARTURE
trgt METZ-SABLON ,TGTLOCATION
RAIL STN & TRIANGLE ,TGTTYPE
on 1918-05-23 ,MSNDATE
desig: AIRCO DH9 DAY BOMBER ,MDS
dummy,O
,
Unit NO. 99 SQDN ,UNIT
Payload:224.0kg ,BOMBLOAD
at DAY ,DEPARTURE
on 1918-05-24 ,MSNDATE
desig: AIRCO DH9 DAY BOMBER ,MDS
qty: 35.0 ,NUMBEROFPLANESATTACKING
dummy,O
,
at DAY ,DEPARTURE
to BENSDORF ,TGTLOCATION
type: RAIL STATION & SIDINGS ,TGTTYPE
on 1918-05-27 ,MSNDATE
desig: AIRCO DH9 DAY BOMBER ,MDS
qty: 3.0 ,NUMBEROFPLANESATTACKING
dummy,O
,
Payload:285.3333333kg ,BOMBLOAD
trgt KREUZWALD. METZ-SABLON ,TGTLOCATION
type: ELECT PWR STN; RAIL ,TGTTYPE
date 1918-05-27 ,MSNDATE
dummy,O
,
Unit NO. 216 SQDN ,UNIT
1344.0kg dropped ,BOMBLOAD
at NIGHT ,DEPARTURE
target MANNHEIM KREUZ LANDAU COURCELLES ,TGTLOCATION
dt: 1918-05-27,MSNDATE
desig: HADLEY PAGE O/100 ,MDS
pc: 31.0,NUMBEROFPLANESATTACKING
dummy,O
,
unit: NO. 100 SQDN ,UNIT
Payload:288.0kg ,BOMBLOAD
dept: NIGHT ,DEPARTURE
RAIL STN ,TGTTYPE
dt: 1918-05-28,MSNDATE
FE2B ,MDS
qty: 23.0 ,NUMBEROFPLANESATTACKING
dummy,O
,
trgt THIONVILLE ,TGTLOCATION
on 1918-05-29 ,MSNDATE
AIRCO DH4 DAY BOMBER ,MDS
dummy,O
,
Unit NO. 99 SQDN ,UNIT
at DAY ,DEPARTURE
target METZ-SABLON ,TGTLOCATION
AIRCO DH9 DAY BOMBER ,MDS
dummy,O
,
NO. 55 SQDN ,UNIT
dept: DAY ,DEPARTURE
tloc: THIONVILLE ,TGTLOCATION
type: RAILWAYS ,TGTTYPE
date 1918-05-30 ,MSNDATE
AIRCO DH4 DAY BOMBER ,MDS
dummy,O
,
Unit NO. 99 SQDN ,UNIT
224.0kg dropped ,BOMBLOAD
dept: DAY ,DEPARTURE
RAILWAYS ,TGTTYPE
date 1918-05-30 ,MSNDATE
qty: 28.0 ,NUMBEROFPLANESATTACKING
dummy,O
,
NIGHT ,DEPARTURE
to METZ-SABLON ,TGTLOCATION
date 1918-05-30 ,MSNDATE
FE2B ,MDS
pc: 33.0,NUMBEROFPLANESATTACKING
dummy,O
,
bl: 224.0 ,BOMBLOAD
at DAY ,DEPARTURE
RAIL STATION & WORKSHOPS ,TGTTYPE
date 1918-05-31 ,MSNDATE
desig: AIRCO DH4 DAY BOMBER ,MDS
dummy,O
,
203.63636359999998kg dropped ,BOMBLOAD
during the DAY,DEPARTURE
type: RAILWAY TRIANGLE ,TGTTYPE
dt: 1918-05-31,MSNDATE
dummy,O
,
Payload:219.7333333kg ,BOMBLOAD
at NIGHT ,DEPARTURE
trgt THIONVILLE & METZ ,TGTLOCATION
FE2B ,MDS
pc: 8.0,NUMBEROFPLANESATTACKING
dummy,O
,
unit: NO. 55 SQDN ,UNIT
during the DAY,DEPARTURE
to KARTHAUS ,TGTLOCATION
dt: 1918-06-01,MSNDATE
desig: AIRCO DH4 DAY BOMBER ,MDS
dummy,O
,
unit: NO. 99 SQDN ,UNIT
bl: 890.6666667000002 ,BOMBLOAD
RAIL ,TGTTYPE
desig: AIRCO DH9 DAY BOMBER ,MDS
pc: 33.0,NUMBEROFPLANESATTACKING
dummy,O
,
NO. 99 SQDN ,UNIT
Payload:224.0kg ,BOMBLOAD
type: RAIL ,TGTTYPE
AIRCO DH9 DAY BOMBER ,MDS
pc: 3.0,NUMBEROFPLANESATTACKING
dummy,O
,
unit: NO. 55 SQDN ,UNIT
bl: 224.0 ,BOMBLOAD
RAILWAYS ,TGTTYPE
on 1918-06-03 ,MSNDATE
dummy,O
,
type: RAILWAYS ,TGTTYPE
dt: 1918-06-03,MSNDATE
pc: 14.0,NUMBEROFPLANESATTACKING
dummy,O
,
unit: NO. 55 SQDN ,UNIT
bl: 224.5 ,BOMBLOAD
dept: DAY ,DEPARTURE
trgt TREVES & CONZ ,TGTLOCATION
type: RAILWAYS & BARRACKS ,TGTTYPE
desig: AIRCO DH4 DAY BOMBER ,MDS
pc: 5.0,NUMBEROFPLANESATTACKING
dummy,O
,
bl: 224.0 ,BOMBLOAD
DAY ,DEPARTURE
tloc: METZ-SABLON ,TGTLOCATION
type: TRIANGLE OF RAILWAYS ,TGTTYPE
dt: 1918-06-04,MSNDATE
qty: 3.0 ,NUMBEROFPLANESATTACKING
dummy,O
,
NO. 100 SQDN ,UNIT
during the NIGHT,DEPARTURE
trgt METZ-SABLON ,TGTLOCATION
RAILWAYS ,TGTTYPE
date 1918-06-05 ,MSNDATE
dummy,O
,
unit: NO. 55 SQDN ,UNIT
DAY ,DEPARTURE
target COBLENZ ,TGTLOCATION
type: FACTORIES STN BARRACKS ,TGTTYPE
date 1918-06-06 ,MSNDATE
dummy,O
,
Unit NO. 99 SQDN ,UNIT
during the DAY,DEPARTURE
RAIL STN & SIDINGS ,TGTTYPE
on 1918-06-06 ,MSNDATE
dummy,O
,
unit: NO. 100 SQDN ,UNIT
Payload:239.5kg ,BOMBLOAD
during the NIGHT,DEPARTURE
tloc: THIONVILLE METZ-SABLON MAIZIERES ,TGTLOCATION
type: RAIL & BLAST FURNACE ,TGTTYPE
dt: 1918-06-06,MSNDATE
FE2B ,MDS
dummy,O
,
bl: 1344.0 ,BOMBLOAD
dept: NIGHT ,DEPARTURE
tloc: THIONVILLE MOULIN-IES-METZ ,TGTLOCATION
date 1918-06-06 ,MSNDATE
dummy,O
,
212.2222222kg dropped ,BOMBLOAD
during the DAY,DEPARTURE
to CONZ ,TGTLOCATION
RAILWAYS ,TGTTYPE
on 1918-06-07 ,MSNDATE
pc: 36.0,NUMBEROFPLANESATTACKING
dummy,O
,
at DAY ,DEPARTURE
trgt THIONVILLE ,TGTLOCATION
RAIL STN & SIDINGS ,TGTTYPE
on 1918-06-07 ,MSNDATE
AIRCO DH9 DAY BOMBER ,MDS
dummy,O
,
dept: DAY ,DEPARTURE
on 1918-06-08 ,MSNDATE
desig: AIRCO DH4 DAY BOMBER ,MDS
qty: 4.0 ,NUMBEROFPLANESATTACKING
dummy,O
,
bl: 227.33333330000002 ,BOMBLOAD
at DAY ,DEPARTURE
dt: 1918-06-08,MSNDATE
qty: 36.0 ,NUMBEROFPLANESATTACKING
dummy,O
,
Unit NO. 104 SQDN ,UNIT
226.66666669999998kg dropped ,BOMBLOAD
at DAY ,DEPARTURE
type: RAIL STN ,TGTTYPE
dummy,O
,
NO. 99 SQDN ,UNIT
Payload:228.0kg ,BOMBLOAD
dept: DAY ,DEPARTURE
target DILLINGEN ,TGTLOCATION
date 1918-06-09 ,MSNDATE
dummy,O
,
227.0kg dropped ,BOMBLOAD
to HAGENDINGEN ,TGTLOCATION
RAILWAYS & FACTORIES ,TGTTYPE
AIRCO DH9 DAY BOMBER ,MDS
qty: 33.0 ,NUMBEROFPLANESATTACKING
dummy,O
,
96TH AERO SQUADRON ,UNIT
Payload:176.0kg ,BOMBLOAD
target DOMMARY-BARONCOURT ,TGTLOCATION
RAIL YARDS ,TGTTYPE
BREGUET 14 B2 ,MDS
pc: 35.0,NUMBEROFPLANESATTACKING
dummy,O
,
NO. 99 SQDN ,UNIT
456.0kg dropped ,BOMBLOAD
at DAY ,DEPARTURE
tloc: METZ-SABLON ,TGTLOCATION
type: RAILWAY TRIANGLE ,TGTTYPE
pc: 33.0,NUMBEROFPLANESATTACKING
dummy,O
,
Unit NO. 104 SQDN ,UNIT
Payload:217.63636359999998kg ,BOMBLOAD
DAY ,DEPARTURE
trgt METZ-SABLON ,TGTLOCATION
desig: AIRCO DH9 DAY BOMBER ,MDS
pc: 4.0,NUMBEROFPLANESATTACKING
dummy,O
,
Payload:249.83333330000002kg ,BOMBLOAD
at DAY ,DEPARTURE
RAILWAYS ,TGTTYPE
on 1918-06-13 ,MSNDATE
AIRCO DH4 DAY BOMBER ,MDS
qty: 5.0 ,NUMBEROFPLANESATTACKING
dummy,O
,
unit: NO. 99 SQDN ,UNIT
bl: 228.0 ,BOMBLOAD
type: USINES DILLENQER HUTTON W ,TGTTYPE
date 1918-06-13 ,MSNDATE
AIRCO DH9 DAY BOMBER ,MDS
pc: 36.0,NUMBEROFPLANESATTACKING
dummy,O
,
Payload:228.5kg ,BOMBLOAD
target HAGENDINGEN ,TGTLOCATION
type: RAILWAYS & FACTORIES ,TGTTYPE
pc: 35.0,NUMBEROFPLANESATTACKING
dummy,O
,
unit: 96TH AERO SQUADRON ,UNIT
Payload:278.08kg ,BOMBLOAD
at DAY ,DEPARTURE
type: RAIL YARDS ,TGTTYPE
desig: BREGUET 14 B2 ,MDS
dummy,O
,
unit: 96TH AERO SQUADRON ,UNIT
bl: 308.0 ,BOMBLOAD
dt: 1918-06-18,MSNDATE
BREGUET 14 B2 ,MDS
pc: 31.0,NUMBEROFPLANESATTACKING
dummy,O
,
Unit NO. 55 SQDN ,UNIT
bl: 238.36363640000002 ,BOMBLOAD
DAY ,DEPARTURE
RAILWAYS ,TGTTYPE
dt: 1918-06-23,MSNDATE
dummy,O
,
NO. 99 SQDN ,UNIT
DAY ,DEPARTURE
trgt METZ-SABLON ,TGTLOCATION
type: RAILWAYS ,TGTTYPE
date 1918-06-23 ,MSNDATE
desig: AIRCO DH9 DAY BOMBER ,MDS
dummy,O
,
Unit NO. 104 SQDN ,UNIT
bl: 227.6 ,BOMBLOAD
at DAY ,DEPARTURE
dt: 1918-06-23,MSNDATE
AIRCO DH9 DAY BOMBER ,MDS
dummy,O
,
unit: NO. 215 SQDN ,UNIT
during the NIGHT,DEPARTURE
to BOULAY. EHRANG ,TGTLOCATION
dt: 1918-06-23,MSNDATE
HADLEY PAGE O/400 ,MDS
pc: 31.0,NUMBEROFPLANESATTACKING
dummy,O
,
bl: 232.8 ,BOMBLOAD
at DAY ,DEPARTURE
to METZ-SABLON & DILLINQEN ,TGTLOCATION
on 1918-06-24 ,MSNDATE
desig: AIRCO DH4 DAY BOMBER ,MDS
qty: 3.0 ,NUMBEROFPLANESATTACKING
dummy,O
,
bl: 227.6 ,BOMBLOAD
type: FACTORIES S RAILWAYS ,TGTTYPE
on 1918-06-24 ,MSNDATE
desig: AIRCO DH9 DAY BOMBER ,MDS
qty: 3.0 ,NUMBEROFPLANESATTACKING
dummy,O
,
unit: NO. 104 SQDN ,UNIT
target SAARBRUCKEN ,TGTLOCATION
RAILWAY ,TGTTYPE
date 1918-06-24 ,MSNDATE
AIRCO DH9 DAY BOMBER ,MDS
pc: 36.0,NUMBEROFPLANESATTACKING
dummy,O
,
Unit 96TH AERO SQUADRON ,UNIT
352.0kg dropped ,BOMBLOAD
dept: DAY ,DEPARTURE
date 1918-06-25 ,MSNDATE
desig: BREGUET 14 B2 ,MDS
qty: 28.0 ,NUMBEROFPLANESATTACKING
dummy,O
,
Unit NO. 104 SQDN ,UNIT
during the DAY,DEPARTURE
target KARLSRUHE ,TGTLOCATION
type: MUNITIONS FACTORIES ,TGTTYPE
dt: 1918-06-25,MSNDATE
desig: AIRCO DH9 DAY BOMBER ,MDS
dummy,O
,
unit: NO. 100 SQDN ,UNIT
316.46666669999996kg dropped ,BOMBLOAD
at NIGHT ,DEPARTURE
trgt BOULAY ,TGTLOCATION
on 1918-06-25 ,MSNDATE
pc: 8.0,NUMBEROFPLANESATTACKING
dummy,O
,
dept: NIGHT ,DEPARTURE
trgt METZ-SABLON ,TGTLOCATION
RAIL TRIANGLE & STN ,TGTTYPE
HADLEY PAGE O/100 ,MDS
dummy,O
,
Unit NO. 55 SQDN ,UNIT
bl: 253.2 ,BOMBLOAD
dept: DAY ,DEPARTURE
target KARISRUHE ,TGTLOCATION
RAILWAY WORKSHOPS ,TGTTYPE
on 1918-06-26 ,MSNDATE
qty: 3.0 ,NUMBEROFPLANESATTACKING
dummy,O
,
unit: NO. 99 SQDN ,UNIT
Payload:227.0kg ,BOMBLOAD
dept: DAY ,DEPARTURE
tloc: KARLSRUHE ,TGTLOCATION
on 1918-06-26 ,MSNDATE
pc: 33.0,NUMBEROFPLANESATTACKING
dummy,O
,
during the DAY,DEPARTURE
tloc: KARLSRUHE ,TGTLOCATION
date 1918-06-26 ,MSNDATE
AIRCO DH9 DAY BOMBER ,MDS
pc: 23.0,NUMBEROFPLANESATTACKING
dummy,O
,
unit: NO. 100 SQDN ,UNIT
during the NIGHT,DEPARTURE
target BOULAY ,TGTLOCATION
type: AERODROME ,TGTTYPE
pc: 33.0,NUMBEROFPLANESATTACKING
dummy,O
,
NO. 216 SQDN ,UNIT
1344.0kg dropped ,BOMBLOAD
during the NIGHT,DEPARTURE
tloc: BOULAY MANNHEIM SAARBRUCKEN ,TGTLOCATION
AERODROME RAIL BASF ,TGTTYPE
date 1918-06-26 ,MSNDATE
desig: HADLEY PAGE O/400 ,MDS
dummy,O
,
Unit NO. 55 SQDN ,UNIT
238.9090909kg dropped ,BOMBLOAD
dept: DAY ,DEPARTURE
target THIONVILLE ,TGTLOCATION
AIRCO DH4 DAY BOMBER ,MDS
pc: 4.0,NUMBEROFPLANESATTACKING
dummy,O
,
dept: DAY ,DEPARTURE
to THIONVILLE ,TGTLOCATION
RAILWAY WORKSHOPS & STN ,TGTTYPE
AIRCO DH9 DAY BOMBER ,MDS
pc: 4.0,NUMBEROFPLANESATTACKING
dummy,O
,
Payload:226.4kg ,BOMBLOAD
DAY ,DEPARTURE
to THIONVILLE ,TGTLOCATION
RAILWAY WORKSHOPS ,TGTTYPE
AIRCO DH9 DAY BOMBER ,MDS
pc: 31.0,NUMBEROFPLANESATTACKING
dummy,O
,
NIGHT ,DEPARTURE
target BOULAY METZ-SABLON CONTILLON ,TGTLOCATION
FE2B ,MDS
qty: 31.0 ,NUMBEROFPLANESATTACKING
dummy,O
,
Unit NO. 104 SQDN ,UNIT
AERODROME ,TGTTYPE
dt: 1918-06-28,MSNDATE
AIRCO DH9 DAY BOMBER ,MDS
dummy,O
,
unit: NO. 55 SQDN ,UNIT
DAY ,DEPARTURE
BASF ,TGTTYPE
AIRCO DH4 DAY BOMBER ,MDS
qty: 3.0 ,NUMBEROFPLANESATTACKING
dummy,O
,
317.0kg dropped ,BOMBLOAD
dept: NIGHT ,DEPARTURE
to FRESCATY BOULAY ,TGTLOCATION
on 1918-06-29 ,MSNDATE
desig: FE2B ,MDS
dummy,O
,
unit: NO. 216 SQDN ,UNIT
dept: NIGHT ,DEPARTURE
target MANNHEIM THIONVILLE METZ-SABLON ,TGTLOCATION
BASF RAIL TARGETS ,TGTTYPE
desig: HADLEY PAGE O/100 ,MDS
qty: 33.0 ,NUMBEROFPLANESATTACKING
dummy,O
,
231.75kg dropped ,BOMBLOAD
tloc: HAGENAU ,TGTLOCATION
AERODROME ,TGTTYPE
date 1918-06-30 ,MSNDATE
qty: 35.0 ,NUMBEROFPLANESATTACKING
dummy,O
,
Payload:227.0kg ,BOMBLOAD
trgt HAGENAU ,TGTLOCATION
AERODROME ,TGTTYPE
dt: 1918-06-30,MSNDATE
AIRCO DH9 DAY BOMBER ,MDS
dummy,O
,
during the DAY,DEPARTURE
trgt LANDAU ,TGTLOCATION
type: RAIL STN AND BARRACKS ,TGTTYPE
dt: 1918-06-30,MSNDATE
AIRCO DH9 DAY BOMBER ,MDS
pc: 36.0,NUMBEROFPLANESATTACKING
dummy,O
,
281.7142857kg dropped ,BOMBLOAD
NIGHT ,DEPARTURE
on 1918-06-30 ,MSNDATE
FE2B ,MDS
pc: 7.0,NUMBEROFPLANESATTACKING
dummy,O
,
NO. 216 SQDN ,UNIT
bl: 1344.0 ,BOMBLOAD
dept: NIGHT ,DEPARTURE
trgt MANNHEIM ,TGTLOCATION
HADLEY PAGE O/100 ,MDS
qty: 34.0 ,NUMBEROFPLANESATTACKING
dummy,O
,
Unit NO. 55 SQDN ,UNIT
bl: 220.0 ,BOMBLOAD
at DAY ,DEPARTURE
target KARTHAUS TREVES ,TGTLOCATION
RAILWAY WORKSHOPS. SIN ,TGTTYPE
date 1918-07-01 ,MSNDATE
dummy,O
,
unit: NO. 99 SQDN ,UNIT
Payload:226.0kg ,BOMBLOAD
tloc: KARTHAUS ,TGTLOCATION
on 1918-07-01 ,MSNDATE
AIRCO DH9 DAY BOMBER ,MDS
qty: 33.0 ,NUMBEROFPLANESATTACKING
dummy,O
,
bl: 340.5 ,BOMBLOAD
DAY ,DEPARTURE
trgt METZ-SABLON ,TGTLOCATION
date 1918-07-01 ,MSNDATE
pc: 28.0,NUMBEROFPLANESATTACKING
dummy,O
,
bl: 235.1428571 ,BOMBLOAD
dept: NIGHT ,DEPARTURE
tloc: BOULAY AND FALKENBURG ,TGTLOCATION
desig: FE2B ,MDS
dummy,O
,
1344.0kg dropped ,BOMBLOAD
type: BASF AND RAIL WORKS ,TGTTYPE
HADLEY PAGE O/100 ,MDS
pc: 31.0,NUMBEROFPLANESATTACKING
dummy,O
,
Unit NO. 55 SQDN ,UNIT
dept: DAY ,DEPARTURE
to COBLENZ ,TGTLOCATION
type: RAILWAY SIDINGS ,TGTTYPE
AIRCO DH4 DAY BOMBER ,MDS
qty: 36.0 ,NUMBEROFPLANESATTACKING
dummy,O
,
Unit NO. 99 SQDN ,UNIT
at DAY ,DEPARTURE
target TREVES ,TGTLOCATION
on 1918-07-02 ,MSNDATE
pc: 33.0,NUMBEROFPLANESATTACKING
dummy,O
,
Unit NO. 104 SQDN ,UNIT
dept: DAY ,DEPARTURE
to BUHL ,TGTLOCATION
date 1918-07-03 ,MSNDATE
AIRCO DH9 DAY BOMBER ,MDS
qty: 28.0 ,NUMBEROFPLANESATTACKING
dummy,O
,
237.2727273kg dropped ,BOMBLOAD
dept: DAY ,DEPARTURE
target COBLENZ ,TGTLOCATION
RAILWAY SIDINGS ,TGTTYPE
desig: AIRCO DH4 DAY BOMBER ,MDS
qty: 4.0 ,NUMBEROFPLANESATTACKING
dummy,O
,
unit: NO. 99 SQDN ,UNIT
Payload:218.66666669999998kg ,BOMBLOAD
DAY ,DEPARTURE
on 1918-07-05 ,MSNDATE
desig: AIRCO DH9 DAY BOMBER ,MDS
qty: 33.0 ,NUMBEROFPLANESATTACKING
dummy,O
,
to ARRAS ,TGTLOCATION
VILLAGE ,TGTTYPE
dt: 1918-07-05,MSNDATE
pc: 28.0,NUMBEROFPLANESATTACKING
dummy,O
,
Unit NO. 55 SQDN ,UNIT
DAY ,DEPARTURE
date 1918-07-06 ,MSNDATE
desig: AIRCO DH4 DAY BOMBER ,MDS
pc: 5.0,NUMBEROFPLANESATTACKING
dummy,O
,
227.0kg dropped ,BOMBLOAD
type: RAILWAYS ,TGTTYPE
dt: 1918-07-06,MSNDATE
desig: AIRCO DH9 DAY BOMBER ,MDS
pc: 33.0,NUMBEROFPLANESATTACKING
dummy,O
,
unit: NO. 104 SQDN ,UNIT
to METZ-SABLON ,TGTLOCATION
type: RAILWAY STN ,TGTTYPE
date 1918-07-06 ,MSNDATE
desig: AIRCO DH9 DAY BOMBER ,MDS
pc: 33.0,NUMBEROFPLANESATTACKING
dummy,O
,
NO. 100 SQDN ,UNIT
274.22222220000003kg dropped ,BOMBLOAD
NIGHT ,DEPARTURE
target SAARBURG & MAME CANAL ,TGTLOCATION
type: RAIL JTN CONVOY ,TGTTYPE
dt: 1918-07-06,MSNDATE
dummy,O
,
Unit NO. 216 SQDN ,UNIT
1344.0kg dropped ,BOMBLOAD
NIGHT ,DEPARTURE
trgt METZ-SABLON ,TGTLOCATION
pc: 23.0,NUMBEROFPLANESATTACKING
dummy,O
,
227.0kg dropped ,BOMBLOAD
dept: DAY ,DEPARTURE
target KAISERSLAUTERN ,TGTLOCATION
AIRCO DH9 DAY BOMBER ,MDS
qty: 33.0 ,NUMBEROFPLANESATTACKING
dummy,O
,
unit: NO. 104 SQDN ,UNIT
during the DAY,DEPARTURE
trgt KAISERSLAUTERN ,TGTLOCATION
RAIL STN & FACTORIES ,TGTTYPE
on 1918-07-07 ,MSNDATE
qty: 31.0 ,NUMBEROFPLANESATTACKING
dummy,O
,
Unit NO. 55 SQDN ,UNIT
232.0kg dropped ,BOMBLOAD
DAY ,DEPARTURE
trgt S. LUXEMBOURG ,TGTLOCATION
RAILWAY ,TGTTYPE
qty: 5.0 ,NUMBEROFPLANESATTACKING
dummy,O
,
NO. 99 SQDN ,UNIT
bl: 212.0 ,BOMBLOAD
DAY ,DEPARTURE
AERODROME ,TGTTYPE
on 1918-07-08 ,MSNDATE
qty: 33.0 ,NUMBEROFPLANESATTACKING
dummy,O
,
unit: NO. 104 SQDN ,UNIT
dept: DAY ,DEPARTURE
target BUHL ,TGTLOCATION
date 1918-07-08 ,MSNDATE
AIRCO DH9 DAY BOMBER ,MDS
qty: 28.0 ,NUMBEROFPLANESATTACKING
dummy,O
,
unit: NO. 104 SQDN ,UNIT
during the DAY,DEPARTURE
target BUHL ,TGTLOCATION
dt: 1918-07-08,MSNDATE
AIRCO DH9 DAY BOMBER ,MDS
dummy,O
,
Unit NO. 100 SQDN ,UNIT
bl: 284.7272727 ,BOMBLOAD
trgt BOULAY VALLIERES FALKNBRG ,TGTLOCATION
on 1918-07-08 ,MSNDATE
desig: FE2B ,MDS
pc: 4.0,NUMBEROFPLANESATTACKING
dummy,O
,
bl: 1306.666667 ,BOMBLOAD
during the NIGHT,DEPARTURE
target FREISDORF & BOULAY ,TGTLOCATION
dummy,O
,
Unit 96TH AERO SQUADRON ,UNIT
trgt CONFLANS ,TGTLOCATION
type: RAIL YARDS ,TGTTYPE
dt: 1918-07-10,MSNDATE
desig: BREGUET 14 B2 ,MDS
dummy,O
,
bl: 231.5 ,BOMBLOAD
at DAY ,DEPARTURE
trgt OFFENBURG ,TGTLOCATION
type: RAILWAYS ,TGTTYPE
date 1918-07-11 ,MSNDATE
AIRCO DH4 DAY BOMBER ,MDS
dummy,O
,
NO. 100 SQDN ,UNIT
at NIGHT ,DEPARTURE
trgt BOULAY ST AUOLD ,TGTLOCATION
type: AERODROMES VILLAGE ,TGTTYPE
FE2B ,MDS
dummy,O
,
unit: NO. 216 SQDN ,UNIT
Payload:1344.0kg ,BOMBLOAD
AERODROMES ,TGTTYPE
on 1918-07-11 ,MSNDATE
pc: 28.0,NUMBEROFPLANESATTACKING
dummy,O
,
NO. 55 SQDN ,UNIT
bl: 231.4 ,BOMBLOAD
dept: DAY ,DEPARTURE
RAILWAY SIDINGS ,TGTTYPE
dt: 1918-07-12,MSNDATE
pc: 3.0,NUMBEROFPLANESATTACKING
dummy,O
,
Payload:227.63636359999998kg ,BOMBLOAD
trgt OFFENBURG ,TGTLOCATION
type: RAILWAYS ,TGTTYPE
dt: 1918-07-15,MSNDATE
desig: AIRCO DH4 DAY BOMBER ,MDS
qty: 4.0 ,NUMBEROFPLANESATTACKING
dummy,O
,
during the DAY,DEPARTURE
to BUHL ,TGTLOCATION
AERODROME ,TGTTYPE
desig: AIRCO DH9 DAY BOMBER ,MDS
dummy,O
,
NO. 55 SQDN ,UNIT
at DAY ,DEPARTURE
trgt THIONVILLE ,TGTLOCATION
RAILWAYS ,TGTTYPE
dt: 1918-07-16,MSNDATE
desig: AIRCO DH4 DAY BOMBER ,MDS
dummy,O
,
226.5kg dropped ,BOMBLOAD
target THIONVILLE ,TGTLOCATION
dt: 1918-07-16,MSNDATE
AIRCO DH9 DAY BOMBER ,MDS
pc: 5.0,NUMBEROFPLANESATTACKING
dummy,O
,
Unit NO. 100 SQDN ,UNIT
bl: 255.33333330000002 ,BOMBLOAD
dept: NIGHT ,DEPARTURE
type: BLAST FURNACES & RAIL JTN ,TGTTYPE
qty: 5.0 ,NUMBEROFPLANESATTACKING
dummy,O
,
NO. 216 SQDN ,UNIT
NIGHT ,DEPARTURE
type: BURBACH WORKS & AERODROME ,TGTTYPE
on 1918-07-16 ,MSNDATE
pc: 23.0,NUMBEROFPLANESATTACKING
dummy,O
,
unit: NO. 55 SQDN ,UNIT
trgt THIONVILLE ,TGTLOCATION
type: RAILWAYS ,TGTTYPE
date 1918-07-17 ,MSNDATE
dummy,O
,
unit: NO. 99 SQDN ,UNIT
RAILWAYS ,TGTTYPE
on 1918-07-17 ,MSNDATE
AIRCO DH9 DAY BOMBER ,MDS
pc: 33.0,NUMBEROFPLANESATTACKING
dummy,O
,
NO. 100 SQDN ,UNIT
bl: 471.8181818 ,BOMBLOAD
to BOULAY FALKENBURG ,TGTLOCATION
type: VILLAGE AERODROME RAIL ,TGTTYPE
FE2B ,MDS
pc: 4.0,NUMBEROFPLANESATTACKING
dummy,O
,
Payload:1273.333333kg ,BOMBLOAD
dept: NIGHT ,DEPARTURE
tloc: SAARBRUCKEN MANNHEIM ,TGTLOCATION
type: BASF BLAST FURNACES RAIL ,TGTTYPE
pc: 33.0,NUMBEROFPLANESATTACKING
dummy,O
,
NO. 55 SQDN ,UNIT
dept: DAY ,DEPARTURE
trgt OBERNDORF ,TGTLOCATION
MUNITION WORKS ,TGTTYPE
desig: AIRCO DH4 DAY BOMBER ,MDS
dummy,O
,
347.7142857kg dropped ,BOMBLOAD
to BOULAY FREISDORF SAAR ,TGTLOCATION
type: AERODROMES RAIL ,TGTTYPE
date 1918-07-19 ,MSNDATE
qty: 7.0 ,NUMBEROFPLANESATTACKING
dummy,O
,
bl: 1344.0 ,BOMBLOAD
NIGHT ,DEPARTURE
HADLEY PAGE O/100 ,MDS
dummy,O
,
unit: NO. 55 SQDN ,UNIT
231.63636359999998kg dropped ,BOMBLOAD
DAY ,DEPARTURE
date 1918-07-20 ,MSNDATE
pc: 4.0,NUMBEROFPLANESATTACKING
dummy,O
,
Unit NO. 99 SQDN ,UNIT
dept: DAY ,DEPARTURE
target OFFENBURG ,TGTLOCATION
RAILWAYS ,TGTTYPE
dt: 1918-07-20,MSNDATE
AIRCO DH9 DAY BOMBER ,MDS
qty: 3.0 ,NUMBEROFPLANESATTACKING
dummy,O
,
unit: NO. 100 SQDN ,UNIT
to BOULAY FREISDORF ,TGTLOCATION
on 1918-07-21 ,MSNDATE
FE2B ,MDS
qty: 11.0 ,NUMBEROFPLANESATTACKING
dummy,O
,
Unit NO. 216 SQDN ,UNIT
1400.0kg dropped ,BOMBLOAD
at NIGHT ,DEPARTURE
to MANNHEIM ZWEIBRKN ,TGTLOCATION
BASF RAIL FACTORY ,TGTTYPE
dt: 1918-07-21,MSNDATE
desig: HADLEY PAGE O/100 ,MDS
dummy,O
,
NO. 55 SQDN ,UNIT
Payload:230.2kg ,BOMBLOAD
tloc: ROTTWEIL ,TGTLOCATION
type: POWDER FACTORY ,TGTTYPE
dt: 1918-07-22,MSNDATE
pc: 3.0,NUMBEROFPLANESATTACKING
dummy,O
,
bl: 227.0 ,BOMBLOAD
DAY ,DEPARTURE
trgt OFTENBURG ,TGTLOCATION
RAIL STN ,TGTTYPE
on 1918-07-22 ,MSNDATE
pc: 5.0,NUMBEROFPLANESATTACKING
dummy,O
,
NO. 100 SQDN ,UNIT
Payload:226.8kg ,BOMBLOAD
to BOULAY AND LESSE ,TGTLOCATION
type: AERODROME VILLAGE RAIL ,TGTTYPE
dt: 1918-07-22,MSNDATE
desig: FE2B ,MDS
qty: 8.0 ,NUMBEROFPLANESATTACKING
dummy,O
,
bl: 1348.0 ,BOMBLOAD
during the NIGHT,DEPARTURE
tloc: VAHL EBERSING MORHANGE ,TGTLOCATION
type: AERODROMES ,TGTTYPE
desig: HADLEY PAGE O/100 ,MDS
dummy,O
,
Unit NO. 100 SQDN ,UNIT
desig: FE2B ,MDS
qty: 11.0 ,NUMBEROFPLANESATTACKING
dummy,O
,
NO. 216 SQDN ,UNIT
tloc: OFFENBURG BUHL ,TGTLOCATION
RAIL AND AERODROMES ,TGTTYPE
date 1918-07-25 ,MSNDATE
desig: HADLEY PAGE O/100 ,MDS
pc: 35.0,NUMBEROFPLANESATTACKING
dummy,O
,
Unit NO. 100 SQDN ,UNIT
291.77777779999997kg dropped ,BOMBLOAD
type: AERODROMES & RAIL ,TGTTYPE
dt: 1918-07-29,MSNDATE
desig: FE2B ,MDS
dummy,O
,
unit: NO. 216 SQDN ,UNIT
Payload:1424.0kg ,BOMBLOAD
NIGHT ,DEPARTURE
FACT RAIL AERODROME ,TGTTYPE
HADLEY PAGE O/100 ,MDS
dummy,O
,
Unit NO. 55 SQDN ,UNIT
bl: 236.4 ,BOMBLOAD
DAY ,DEPARTURE
target OFFENBURG ,TGTLOCATION
on 1918-07-30 ,MSNDATE
pc: 3.0,NUMBEROFPLANESATTACKING
dummy,O
,
226.25kg dropped ,BOMBLOAD
at DAY ,DEPARTURE
trgt LAHR ,TGTLOCATION
type: RAIL STATION ,TGTTYPE
dt: 1918-07-30,MSNDATE
AIRCO DH9 DAY BOMBER ,MDS
qty: 35.0 ,NUMBEROFPLANESATTACKING
dummy,O
,
Payload:1568.0kg ,BOMBLOAD
during the NIGHT,DEPARTURE
to STUTTGART & HAGENAU ,TGTLOCATION
type: MAGNETO WRKS TOWN RAIL ,TGTTYPE
date 1918-07-30 ,MSNDATE
HADLEY PAGE O/100 ,MDS
dummy,O
,
Payload:235.8kg ,BOMBLOAD
tloc: COBLENZ ,TGTLOCATION
type: FACTORIES & BARRACKS ,TGTTYPE
desig: AIRCO DH4 DAY BOMBER ,MDS
pc: 3.0,NUMBEROFPLANESATTACKING
dummy,O
,
unit: NO. 99 SQDN ,UNIT
Payload:272.4kg ,BOMBLOAD
tloc: SAARBRUCKEN ,TGTLOCATION
type: RAIL STN & FACTORIES ,TGTTYPE
dt: 1918-07-31,MSNDATE
desig: AIRCO DH9 DAY BOMBER ,MDS
dummy,O
,
dept: DAY ,DEPARTURE
tloc: SAARBRUCKEN ,TGTLOCATION
RAIL SIDINGS & FACTORIES ,TGTTYPE
AIRCO DH9 DAY BOMBER ,MDS
qty: 5.0 ,NUMBEROFPLANESATTACKING
dummy,O
,
bl: 234.66666669999998 ,BOMBLOAD
during the DAY,DEPARTURE
RAIL YARDS ,TGTTYPE
on 1918-08-01 ,MSNDATE
desig: BREGUET 14 B2 ,MDS
dummy,O
,
Unit NO. 55 SQDN ,UNIT
DAY ,DEPARTURE
RAILWAYS & FACTORIES ,TGTTYPE
pc: 4.0,NUMBEROFPLANESATTACKING
dummy,O
,
Payload:228.2kg ,BOMBLOAD
DAY ,DEPARTURE
to TREVES ,TGTLOCATION
RAILWAYS SHOPS SIDINGS ,TGTTYPE
on 1918-08-01 ,MSNDATE
desig: AIRCO DH9 DAY BOMBER ,MDS
dummy,O
,
Unit NO. 55 SQDN ,UNIT
214.9090909kg dropped ,BOMBLOAD
tloc: WALLINGEN ,TGTLOCATION
desig: AIRCO DH4 DAY BOMBER ,MDS
qty: 4.0 ,NUMBEROFPLANESATTACKING
dummy,O
,
unit: 96TH AERO SQUADRON ,UNIT
bl: 127.1111111 ,BOMBLOAD
at DAY ,DEPARTURE
target LONGUYON ,TGTLOCATION
pc: 36.0,NUMBEROFPLANESATTACKING
dummy,O
,
unit: NO. 55 SQDN ,UNIT
225.5kg dropped ,BOMBLOAD
trgt BUHL AND METZ-SABLON ,TGTLOCATION
AERODROME & RAIL TRIANGLE ,TGTTYPE
AIRCO DH4 DAY BOMBER ,MDS
dummy,O
,
dept: DAY ,DEPARTURE
type: RAIL STATION ,TGTTYPE
desig: AIRCO DH9 DAY BOMBER ,MDS
pc: 3.0,NUMBEROFPLANESATTACKING
dummy,O
,
bl: 312.0 ,BOMBLOAD
at NIGHT ,DEPARTURE
to MORHANGE ,TGTLOCATION
AERODROME ,TGTTYPE
dt: 1918-08-11,MSNDATE
desig: FE2B ,MDS
qty: 14.0 ,NUMBEROFPLANESATTACKING
dummy,O
,
NO. 216 SQDN ,UNIT
at NIGHT ,DEPARTURE
AERODROME ,TGTTYPE
dt: 1918-08-11,MSNDATE
pc: 2.0,NUMBEROFPLANESATTACKING
dummy,O
,
96TH AERO SQUADRON ,UNIT
220.0kg dropped ,BOMBLOAD
during the DAY,DEPARTURE
target CONFLANS ,TGTLOCATION
type: RAIL YARDS ,TGTTYPE
date 1918-08-12 ,MSNDATE
desig: BREGUET 14 B2 ,MDS
dummy,O
,
NO. 55 SQDN ,UNIT
during the DAY,DEPARTURE
target FRANKFURT ,TGTLOCATION
RAIL CHEM FACT ,TGTTYPE
qty: 5.0 ,NUMBEROFPLANESATTACKING
dummy,O
,
227.2727273kg dropped ,BOMBLOAD
DAY ,DEPARTURE
to HAGENAU ,TGTLOCATION
type: AERODROME ,TGTTYPE
dt: 1918-08-12,MSNDATE
dummy,O
,
unit: NO. 100 SQDN ,UNIT
tloc: DIEUZE MORHANGE FALKENBURG ,TGTLOCATION
type: AAA RAIL AERODROME ,TGTTYPE
FE2B ,MDS
pc: 4.0,NUMBEROFPLANESATTACKING
dummy,O
,
96TH AERO SQUADRON ,UNIT
Payload:276.57142860000005kg ,BOMBLOAD
dept: DAY ,DEPARTURE
to DOMMARY-BARONCOURT ,TGTLOCATION
RAIL YARDS ,TGTTYPE
qty: 34.0 ,NUMBEROFPLANESATTACKING
dummy,O
,
230.8kg dropped ,BOMBLOAD
during the DAY,DEPARTURE
target BUHL ,TGTLOCATION
date 1918-08-13 ,MSNDATE
pc: 3.0,NUMBEROFPLANESATTACKING
dummy,O
,
unit: NO. 104 SQDN ,UNIT
tloc: THIONVILLE ,TGTLOCATION
date 1918-08-13 ,MSNDATE
AIRCO DH9 DAY BOMBER ,MDS
qty: 4.0 ,NUMBEROFPLANESATTACKING
dummy,O
,
bl: 266.0 ,BOMBLOAD
tloc: BUHL MORHANGE ,TGTLOCATION
AERODROMES RAIL FURNACE ,TGTTYPE
desig: FE2B ,MDS
qty: 36.0 ,NUMBEROFPLANESATTACKING
dummy,O
,
unit: NO. 216 SQDN ,UNIT
Payload:1207.0kg ,BOMBLOAD
on 1918-08-13 ,MSNDATE
desig: HADLEY PAGE O/100 ,MDS
pc: 2.0,NUMBEROFPLANESATTACKING
dummy,O
,
96TH AERO SQUADRON ,UNIT
Payload:211.2kg ,BOMBLOAD
at DAY ,DEPARTURE
target LONGUYON ,TGTLOCATION
type: RAIL YARDS ,TGTTYPE
dt: 1918-08-14,MSNDATE
dummy,O
,
Unit 96TH AERO SQUADRON ,UNIT
dept: DAY ,DEPARTURE
type: RAIL YARDS ,TGTTYPE
date 1918-08-14 ,MSNDATE
dummy,O
,
NO. 55 SQDN ,UNIT
bl: 224.6 ,BOMBLOAD
dept: DAY ,DEPARTURE
dt: 1918-08-14,MSNDATE
AIRCO DH4 DAY BOMBER ,MDS
qty: 3.0 ,NUMBEROFPLANESATTACKING
dummy,O
,
NO. 100 SQDN ,UNIT
Payload:288.5kg ,BOMBLOAD
at NIGHT ,DEPARTURE
tloc: BUHL ,TGTLOCATION
pc: 5.0,NUMBEROFPLANESATTACKING
dummy,O
,
1372.0kg dropped ,BOMBLOAD
tloc: BUHL SAARBURG ST AUOLD ,TGTLOCATION
AERODROMES FURNACE RAIL ,TGTTYPE
date 1918-08-14 ,MSNDATE
HADLEY PAGE O/100 ,MDS
pc: 35.0,NUMBEROFPLANESATTACKING
dummy,O
,
249.33333330000002kg dropped ,BOMBLOAD
tloc: DOMMARY-BARONCOURT ,TGTLOCATION
date 1918-08-15 ,MSNDATE
BREGUET 14 B2 ,MDS
dummy,O
,
176.0kg dropped ,BOMBLOAD
type: RAIL YARDS ,TGTTYPE
dt: 1918-08-15,MSNDATE
desig: BREGUET 14 B2 ,MDS
dummy,O
,
NO. 99 SQDN ,UNIT
at DAY ,DEPARTURE
AERODROME ,TGTTYPE
qty: 28.0 ,NUMBEROFPLANESATTACKING
dummy,O
,
unit: NO. 104 SQDN ,UNIT
DAY ,DEPARTURE
to BOULAY ,TGTLOCATION
AIRCO DH9 DAY BOMBER ,MDS
qty: 4.0 ,NUMBEROFPLANESATTACKING
dummy,O
,
NO. 100 SQDN ,UNIT
312.0kg dropped ,BOMBLOAD
FE2B ,MDS
qty: 3.0 ,NUMBEROFPLANESATTACKING
dummy,O
,
Unit NO. 216 SQDN ,UNIT
bl: 1204.0 ,BOMBLOAD
NIGHT ,DEPARTURE
on 1918-08-15 ,MSNDATE
HADLEY PAGE O/100 ,MDS
dummy,O
,
96TH AERO SQUADRON ,UNIT
dept: DAY ,DEPARTURE
trgt DOMMARY-BARONCOURT ,TGTLOCATION
type: RAIL YARDS ,TGTTYPE
dt: 1918-08-16,MSNDATE
dummy,O
,
to DARMSTADT ,TGTLOCATION
type: RAILWAYS ,TGTTYPE
dt: 1918-08-16,MSNDATE
qty: 34.0 ,NUMBEROFPLANESATTACKING
dummy,O
,
Payload:337.0kg ,BOMBLOAD
at NIGHT ,DEPARTURE
type: AERODROMES RAIL JTN ,TGTTYPE
desig: FE2B ,MDS
qty: 34.0 ,NUMBEROFPLANESATTACKING
dummy,O
,
Unit NO. 216 SQDN ,UNIT
at NIGHT ,DEPARTURE
to BOULAY SAARBURG ,TGTLOCATION
date 1918-08-16 ,MSNDATE
HADLEY PAGE O/100 ,MDS
dummy,O
,
NO. 100 SQDN ,UNIT
312.0kg dropped ,BOMBLOAD
target FREISDORF MORHANGE BOULAY ,TGTLOCATION
AERODROMES ,TGTTYPE
dt: 1918-08-17,MSNDATE
qty: 36.0 ,NUMBEROFPLANESATTACKING
dummy,O
,
Unit NO. 216 SQDN ,UNIT
1256.285714kg dropped ,BOMBLOAD
at NIGHT ,DEPARTURE
tloc: SAARBURG FORBACH ,TGTLOCATION
type: BLK FOR FURN AERO ,TGTTYPE
on 1918-08-17 ,MSNDATE
HADLEY PAGE O/100 ,MDS
dummy,O
,
Payload:312.0kg ,BOMBLOAD
at NIGHT ,DEPARTURE
on 1918-08-18 ,MSNDATE
FE2B ,MDS
pc: 34.0,NUMBEROFPLANESATTACKING
dummy,O
,
NO. 216 SQDN ,UNIT
bl: 1366.4 ,BOMBLOAD
at NIGHT ,DEPARTURE
date 1918-08-18 ,MSNDATE
HADLEY PAGE O/100 ,MDS
pc: 31.0,NUMBEROFPLANESATTACKING
dummy,O
,
Payload:1418.666667kg ,BOMBLOAD
dept: NIGHT ,DEPARTURE
RAIL TRIANGLE ,TGTTYPE
on 1918-08-19 ,MSNDATE
qty: 23.0 ,NUMBEROFPLANESATTACKING
dummy,O
,
Unit NO. 100 SQDN ,UNIT
274.6666667kg dropped ,BOMBLOAD
at NIGHT ,DEPARTURE
to BOULAY MORHANGE AVRICOURT ,TGTLOCATION
desig: FE2B ,MDS
qty: 36.0 ,NUMBEROFPLANESATTACKING
dummy,O
,
Payload:1232.0kg ,BOMBLOAD
at NIGHT ,DEPARTURE
type: AERODROMES ,TGTTYPE
dt: 1918-08-19,MSNDATE
HADLEY PAGE O/100 ,MDS
qty: 14.0 ,NUMBEROFPLANESATTACKING
dummy,O
,
NO. 99 SQDN ,UNIT
Payload:224.0kg ,BOMBLOAD
target DILLENGEN ,TGTLOCATION
on 1918-08-20 ,MSNDATE
desig: AIRCO DH9 DAY BOMBER ,MDS
pc: 2.0,NUMBEROFPLANESATTACKING
dummy,O
,
1523.2kg dropped ,BOMBLOAD
trgt METZ-SABLON BUHL ,TGTLOCATION
RAIL TRIANGLE AERODROME ,TGTTYPE
date 1918-08-20 ,MSNDATE
dummy,O
,
NIGHT ,DEPARTURE
target BOULAY MORHANGE ,TGTLOCATION
AERODROMES ,TGTTYPE
on 1918-08-20 ,MSNDATE
dummy,O
,
Unit NO. 216 SQDN ,UNIT
1344.0kg dropped ,BOMBLOAD
during the NIGHT,DEPARTURE
date 1918-08-20 ,MSNDATE
HADLEY PAGE O/100 ,MDS
pc: 14.0,NUMBEROFPLANESATTACKING
dummy,O
,
unit: 96TH AERO SQUADRON ,UNIT
dept: DAY ,DEPARTURE
to LONGUYON ,TGTLOCATION
type: RAIL YARDS ,TGTTYPE
desig: BREGUET 14 B2 ,MDS
pc: 33.0,NUMBEROFPLANESATTACKING
dummy,O
,
58.66666667kg dropped ,BOMBLOAD
dept: DAY ,DEPARTURE
type: RAIL YARDS ,TGTTYPE
desig: BREGUET 14 B2 ,MDS
qty: 33.0 ,NUMBEROFPLANESATTACKING
dummy,O
,
96TH AERO SQUADRON ,UNIT
dept: DAY ,DEPARTURE
trgt AUDEN-LE-ROMAN ,TGTLOCATION
type: RAIL YARDS ,TGTTYPE
dt: 1918-08-21,MSNDATE
desig: BREGUET 14 B2 ,MDS
dummy,O
,
unit: 96TH AERO SQUADRON ,UNIT
Payload:50.28571429kg ,BOMBLOAD
DAY ,DEPARTURE
to AUDEN-LE-ROMAN ,TGTLOCATION
dt: 1918-08-21,MSNDATE
desig: BREGUET 14 B2 ,MDS
dummy,O
,
NO. 97 SQDN ,UNIT
bl: 1680.0 ,BOMBLOAD
during the NIGHT,DEPARTURE
trgt BUHL MORHANGE LORQUIN ,TGTLOCATION
dt: 1918-08-21,MSNDATE
HADLEY PAGE O/400 ,MDS
dummy,O
,
NO. 100 SQDN ,UNIT
bl: 312.0 ,BOMBLOAD
dept: NIGHT ,DEPARTURE
tloc: MORHANGE BUHL ,TGTLOCATION
AERODROMES ,TGTTYPE
pc: 33.0,NUMBEROFPLANESATTACKING
dummy,O
,
1227.714286kg dropped ,BOMBLOAD
during the NIGHT,DEPARTURE
target COLOQNE FRANK BOUL TREVES ,TGTLOCATION
RAIL TARGETS & AERODROME ,TGTTYPE
date 1918-08-21 ,MSNDATE
desig: HADLEY PAGE O/100 ,MDS
qty: 34.0 ,NUMBEROFPLANESATTACKING
dummy,O
,
Unit 96TH AERO SQUADRON ,UNIT
bl: 188.5714286 ,BOMBLOAD
at DAY ,DEPARTURE
trgt CONFLANS ,TGTLOCATION
desig: BREGUET 14 B2 ,MDS
pc: 34.0,NUMBEROFPLANESATTACKING
dummy,O
,
163.4285714kg dropped ,BOMBLOAD
DAY ,DEPARTURE
trgt CONFLANS ,TGTLOCATION
type: RAIL YARDS ,TGTTYPE
dummy,O
,
Unit NO. 55 SQDN ,UNIT
tloc: COBIENZ. WHITLICK ,TGTLOCATION
type: RAILWAYS FACTORY VILLAQE ,TGTTYPE
desig: AIRCO DH4 DAY BOMBER ,MDS
qty: 35.0 ,NUMBEROFPLANESATTACKING
dummy,O
,
bl: 228.5 ,BOMBLOAD
at DAY ,DEPARTURE
AERODROME ,TGTTYPE
AIRCO DH9 DAY BOMBER ,MDS
pc: 28.0,NUMBEROFPLANESATTACKING
dummy,O
,
unit: NO. 104 SQDN ,UNIT
bl: 273.6 ,BOMBLOAD
at DAY ,DEPARTURE
on 1918-08-22 ,MSNDATE
dummy,O
,
Payload:1624.0kg ,BOMBLOAD
to FOLPERSWEILER HERZING ,TGTLOCATION
AERODROME & RAILWAY ,TGTTYPE
pc: 14.0,NUMBEROFPLANESATTACKING
dummy,O
,
Payload:312.0kg ,BOMBLOAD
NIGHT ,DEPARTURE
to FOLPERSWEILER AVRICT SAARBRUCKEN ,TGTLOCATION
type: AEROD RAIL CHEM FACTORY ,TGTTYPE
qty: 33.0 ,NUMBEROFPLANESATTACKING
dummy,O
,
dept: NIGHT ,DEPARTURE
to FOLPERSWEILER ,TGTLOCATION
AERODROME ,TGTTYPE
date 1918-08-22 ,MSNDATE
pc: 35.0,NUMBEROFPLANESATTACKING
dummy,O
,
Unit 96TH AERO SQUADRON ,UNIT
Payload:220.0kg ,BOMBLOAD
dept: DAY ,DEPARTURE
date 1918-08-23 ,MSNDATE
desig: BREGUET 14 B2 ,MDS
dummy,O
,
Unit 96TH AERO SQUADRON ,UNIT
bl: 110.0 ,BOMBLOAD
during the DAY,DEPARTURE
target CONFLANS ,TGTLOCATION
qty: 35.0 ,NUMBEROFPLANESATTACKING
dummy,O
,
96TH AERO SQUADRON ,UNIT
Payload:403.3333333kg ,BOMBLOAD
DAY ,DEPARTURE
target CONFLANS ,TGTLOCATION
RAIL YARDS ,TGTTYPE
dummy,O
,
96TH AERO SQUADRON ,UNIT
during the DAY,DEPARTURE
type: RAIL YARDS ,TGTTYPE
on 1918-08-23 ,MSNDATE
desig: BREGUET 14 B2 ,MDS
pc: 33.0,NUMBEROFPLANESATTACKING
dummy,O
,
NO. 99 SQDN ,UNIT
bl: 180.41666669999998 ,BOMBLOAD
DAY ,DEPARTURE
AERODROME ,TGTTYPE
on 1918-08-23 ,MSNDATE
desig: AIRCO DH9 DAY BOMBER ,MDS
dummy,O
,
NO. 55 SQDN ,UNIT
Payload:224.6kg ,BOMBLOAD
tloc: TREVES ,TGTLOCATION
desig: AIRCO DH4 DAY BOMBER ,MDS
qty: 3.0 ,NUMBEROFPLANESATTACKING
dummy,O
,
Unit NO. 100 SQDN ,UNIT
bl: 730.6666667000001 ,BOMBLOAD
during the NIGHT,DEPARTURE
qty: 23.0 ,NUMBEROFPLANESATTACKING
dummy,O
,
unit: NO. 216 SQDN ,UNIT
during the NIGHT,DEPARTURE
to FRANKFURT BOULAY ,TGTLOCATION
type: RAIL JTN. AERODROME ,TGTTYPE
on 1918-08-24 ,MSNDATE
desig: HADLEY PAGE O/100 ,MDS
qty: 14.0 ,NUMBEROFPLANESATTACKING
dummy,O
,
Payload:188.5714286kg ,BOMBLOAD
during the DAY,DEPARTURE
trgt CONFLANS ,TGTLOCATION
type: RAIL YARDS ,TGTTYPE
on 1918-08-25 ,MSNDATE
qty: 34.0 ,NUMBEROFPLANESATTACKING
dummy,O
,
Unit 96TH AERO SQUADRON ,UNIT
Payload:176.0kg ,BOMBLOAD
dept: DAY ,DEPARTURE
target CONFLANS ,TGTLOCATION
RAIL YARDS ,TGTTYPE
qty: 34.0 ,NUMBEROFPLANESATTACKING
dummy,O
,
unit: 96TH AERO SQUADRON ,UNIT
to LONGUYON ,TGTLOCATION
date 1918-08-25 ,MSNDATE
desig: BREGUET 14 B2 ,MDS
qty: 14.0 ,NUMBEROFPLANESATTACKING
dummy,O
,
at DAY ,DEPARTURE
tloc: LONGUYON ,TGTLOCATION
date 1918-08-25 ,MSNDATE
BREGUET 14 B2 ,MDS
dummy,O
,
bl: 224.66666669999998 ,BOMBLOAD
dept: DAY ,DEPARTURE
tloc: MORHANGE LUXEMBOURG ,TGTLOCATION
AERODROME RAIL & TRIANQLE ,TGTTYPE
dt: 1918-08-25,MSNDATE
qty: 36.0 ,NUMBEROFPLANESATTACKING
dummy,O
,
NO. 55 SQDN ,UNIT
bl: 234.4444444 ,BOMBLOAD
at DAY ,DEPARTURE
on 1918-08-25 ,MSNDATE
desig: AIRCO DH4 DAY BOMBER ,MDS
qty: 36.0 ,NUMBEROFPLANESATTACKING
dummy,O
,
Unit NO. 99 SQDN ,UNIT
227.5kg dropped ,BOMBLOAD
during the DAY,DEPARTURE
trgt BETTEMBOURG ,TGTLOCATION
date 1918-08-25 ,MSNDATE
desig: AIRCO DH9 DAY BOMBER ,MDS
dummy,O
,
NO. 99 SQDN ,UNIT
bl: 227.8181818 ,BOMBLOAD
tloc: ORENBURG ,TGTLOCATION
AIRCO DH9 DAY BOMBER ,MDS
pc: 4.0,NUMBEROFPLANESATTACKING
dummy,O
,
NIGHT ,DEPARTURE
target BOULAY ,TGTLOCATION
type: AERODROME ,TGTTYPE
date 1918-08-25 ,MSNDATE
desig: HADLEY PAGE O/400 ,MDS
qty: 23.0 ,NUMBEROFPLANESATTACKING
dummy,O
,
Unit NO. 215 SQDN ,UNIT
bl: 2067.0 ,BOMBLOAD
BASF AERODROME ,TGTTYPE
desig: HADLEY PAGE O/400 ,MDS
pc: 31.0,NUMBEROFPLANESATTACKING
dummy,O
,
bl: 224.0 ,BOMBLOAD
at DAY ,DEPARTURE
on 1918-08-27 ,MSNDATE
desig: AIRCO DH4 DAY BOMBER ,MDS
dummy,O
,
Payload:227.0kg ,BOMBLOAD
DAY ,DEPARTURE
AERODROME ,TGTTYPE
AIRCO DH9 DAY BOMBER ,MDS
dummy,O
,
unit: 96TH AERO SQUADRON ,UNIT
195.5555556kg dropped ,BOMBLOAD
NIGHT ,DEPARTURE
target CONFLANS ,TGTLOCATION
BREGUET 14 B2 ,MDS
dummy,O
,
during the NIGHT,DEPARTURE
tloc: CONFLANS ,TGTLOCATION
RAIL YARDS ,TGTTYPE
desig: BREGUET 14 B2 ,MDS
qty: 36.0 ,NUMBEROFPLANESATTACKING
dummy,O
,
bl: 301.7142857 ,BOMBLOAD
dept: DAY ,DEPARTURE
target DOMMARY-BARONCOURT ,TGTLOCATION
RAIL YARDS ,TGTTYPE
BREGUET 14 B2 ,MDS
qty: 34.0 ,NUMBEROFPLANESATTACKING
dummy,O
,
Unit 96TH AERO SQUADRON ,UNIT
during the DAY,DEPARTURE
tloc: DOMMARY-BARONCOURT ,TGTLOCATION
dt: 1918-08-30,MSNDATE
pc: 34.0,NUMBEROFPLANESATTACKING
dummy,O
,
unit: 96TH AERO SQUADRON ,UNIT
bl: 293.3333333 ,BOMBLOAD
dept: DAY ,DEPARTURE
tloc: CONFLANS ,TGTLOCATION
RAIL YARDS ,TGTTYPE
date 1918-08-30 ,MSNDATE
pc: 33.0,NUMBEROFPLANESATTACKING
dummy,O
,
unit: 96TH AERO SQUADRON ,UNIT
Payload:36.66666667kg ,BOMBLOAD
tloc: CONFLANS ,TGTLOCATION
RAIL YARDS ,TGTTYPE
on 1918-08-30 ,MSNDATE
desig: BREGUET 14 B2 ,MDS
qty: 33.0 ,NUMBEROFPLANESATTACKING
dummy,O
,
unit: NO. 55 SQDN ,UNIT
during the DAY,DEPARTURE
RAILWAYS ,TGTTYPE
qty: 4.0 ,NUMBEROFPLANESATTACKING
dummy,O
,
dept: DAY ,DEPARTURE
target CONFLANS DONCOURT ,TGTLOCATION
RAILWAYS AERODROME ,TGTTYPE
date 1918-08-30 ,MSNDATE
desig: AIRCO DH9 DAY BOMBER ,MDS
pc: 4.0,NUMBEROFPLANESATTACKING
dummy,O
,
Unit NO. 97 SQDN ,UNIT
NIGHT ,DEPARTURE
type: AERODROMES ,TGTTYPE
HADLEY PAGE O/400 ,MDS
qty: 23.0 ,NUMBEROFPLANESATTACKING
dummy,O
,
NO. 100 SQDN ,UNIT
bl: 814.4 ,BOMBLOAD
to BOULAY ,TGTLOCATION
dt: 1918-08-30,MSNDATE
FE2B ,MDS
dummy,O
,
Unit NO. 215 SQDN ,UNIT
Payload:2058.666667kg ,BOMBLOAD
NIGHT ,DEPARTURE
AERODROME ,TGTTYPE
date 1918-08-30 ,MSNDATE
qty: 33.0 ,NUMBEROFPLANESATTACKING
dummy,O
,
unit: NO. 216 SQDN ,UNIT
1568.0kg dropped ,BOMBLOAD
dept: NIGHT ,DEPARTURE
tloc: BOULAY ,TGTLOCATION
qty: 2.0 ,NUMBEROFPLANESATTACKING
dummy,O
,
96TH AERO SQUADRON ,UNIT
to AUDEN-LE-ROMAN ,TGTLOCATION
RAIL YARDS ,TGTTYPE
date 1918-09-02 ,MSNDATE
pc: 33.0,NUMBEROFPLANESATTACKING
dummy,O
,
161.33333330000002kg dropped ,BOMBLOAD
dept: DAY ,DEPARTURE
date 1918-09-02 ,MSNDATE
qty: 33.0 ,NUMBEROFPLANESATTACKING
dummy,O
,
unit: 96TH AERO SQUADRON ,UNIT
176.0kg dropped ,BOMBLOAD
at DAY ,DEPARTURE
target LONGUYON ,TGTLOCATION
RAIL YARDS ,TGTTYPE
desig: BREGUET 14 B2 ,MDS
dummy,O
,
bl: 157.1428571 ,BOMBLOAD
type: RAIL YARDS ,TGTTYPE
dt: 1918-09-02,MSNDATE
qty: 34.0 ,NUMBEROFPLANESATTACKING
dummy,O
,
219.0kg dropped ,BOMBLOAD
at DAY ,DEPARTURE
to BUHL (0930 & 1520) ,TGTLOCATION
on 1918-09-02 ,MSNDATE
desig: AIRCO DH4 DAY BOMBER ,MDS
pc: 15.0,NUMBEROFPLANESATTACKING
dummy,O
,
227.04347830000003kg dropped ,BOMBLOAD
at DAY ,DEPARTURE
tloc: BUHL (0900 & 1530) ,TGTLOCATION
AERODROME ,TGTTYPE
date 1918-09-02 ,MSNDATE
pc: 20.0,NUMBEROFPLANESATTACKING
dummy,O
,
unit: NO. 104 SQDN ,UNIT
Payload:206.09523810000002kg ,BOMBLOAD
trgt BUHL (0925 & 1540) ,TGTLOCATION
type: AERODROME ,TGTTYPE
qty: 18.0 ,NUMBEROFPLANESATTACKING
dummy,O
,
NO. 97 SQDN ,UNIT
tloc: BUHL ,TGTLOCATION
qty: 31.0 ,NUMBEROFPLANESATTACKING
dummy,O
,
bl: 1512.0 ,BOMBLOAD
at NIGHT ,DEPARTURE
target BOULAY ,TGTLOCATION
type: AERODROME ,TGTTYPE
desig: HADLEY PAGE O/400 ,MDS
pc: 14.0,NUMBEROFPLANESATTACKING
dummy,O
,
NO. 215 SQDN ,UNIT
2169.777778kg dropped ,BOMBLOAD
NIGHT ,DEPARTURE
type: AERODROME RAIL JTN ,TGTTYPE
dt: 1918-09-02,MSNDATE
HADLEY PAGE O/400 ,MDS
dummy,O
,
Payload:1517.125kg ,BOMBLOAD
during the NIGHT,DEPARTURE
dt: 1918-09-02,MSNDATE
desig: HADLEY PAGE O/400 ,MDS
qty: 35.0 ,NUMBEROFPLANESATTACKING
dummy,O
,
96TH AERO SQUADRON ,UNIT
Payload:256.6666667kg ,BOMBLOAD
at NIGHT ,DEPARTURE
RAIL YARDS ,TGTTYPE
dt: 1918-09-03,MSNDATE
pc: 33.0,NUMBEROFPLANESATTACKING
dummy,O
,
96TH AERO SQUADRON ,UNIT
bl: 220.0 ,BOMBLOAD
dt: 1918-09-03,MSNDATE
desig: BREGUET 14 B2 ,MDS
qty: 33.0 ,NUMBEROFPLANESATTACKING
dummy,O
,
Unit 96TH AERO SQUADRON ,UNIT
bl: 220.0 ,BOMBLOAD
dept: DAY ,DEPARTURE
desig: BREGUET 14 B2 ,MDS
qty: 33.0 ,NUMBEROFPLANESATTACKING
dummy,O
,
96TH AERO SQUADRON ,UNIT
RAIL YARDS ,TGTTYPE
dt: 1918-09-03,MSNDATE
BREGUET 14 B2 ,MDS
dummy,O
,
bl: 226.9090909 ,BOMBLOAD
during the DAY,DEPARTURE
tloc: MORHANQE ,TGTLOCATION
date 1918-09-03 ,MSNDATE
AIRCO DH9 DAY BOMBER ,MDS
qty: 4.0 ,NUMBEROFPLANESATTACKING
dummy,O
,
NO. 104 SQDN ,UNIT
bl: 203.0 ,BOMBLOAD
during the DAY,DEPARTURE
tloc: MORHANGE ,TGTLOCATION
AERODROME ,TGTTYPE
dummy,O
,
Unit NO. 97 SQDN ,UNIT
bl: 1393.25 ,BOMBLOAD
dt: 1918-09-03,MSNDATE
HADLEY PAGE O/400 ,MDS
pc: 28.0,NUMBEROFPLANESATTACKING
dummy,O
,
unit: NO. 100 SQDN ,UNIT
1568.0kg dropped ,BOMBLOAD
at NIGHT ,DEPARTURE
tloc: MORHANQE ,TGTLOCATION
AERODROME ,TGTTYPE
desig: HADLEY PAGE O/400 ,MDS
dummy,O
,
bl: 2042.0 ,BOMBLOAD
NIGHT ,DEPARTURE
to MORHANGE ,TGTLOCATION
dt: 1918-09-03,MSNDATE
desig: HADLEY PAGE O/400 ,MDS
pc: 14.0,NUMBEROFPLANESATTACKING
dummy,O
,
unit: NO. 216 SQDN ,UNIT
during the NIGHT,DEPARTURE
to MORHANGE BOULAY ,TGTLOCATION
on 1918-09-03 ,MSNDATE
pc: 34.0,NUMBEROFPLANESATTACKING
dummy,O
,
187.0kg dropped ,BOMBLOAD
dept: DAY ,DEPARTURE
trgt CONFLANS ,TGTLOCATION
type: RAIL YARDS ,TGTTYPE
BREGUET 14 B2 ,MDS
pc: 35.0,NUMBEROFPLANESATTACKING
dummy,O
,
Unit 96TH AERO SQUADRON ,UNIT
165.0kg dropped ,BOMBLOAD
to CONFLANS ,TGTLOCATION
type: RAIL YARDS ,TGTTYPE
on 1918-09-04 ,MSNDATE
desig: BREGUET 14 B2 ,MDS
dummy,O
,
Unit NO. 55 SQDN ,UNIT
at DAY ,DEPARTURE
target BUHL ,TGTLOCATION
AIRCO DH4 DAY BOMBER ,MDS
qty: 36.0 ,NUMBEROFPLANESATTACKING
dummy,O
,
dept: DAY ,DEPARTURE
AERODROME ,TGTTYPE
dt: 1918-09-04,MSNDATE
AIRCO DH9 DAY BOMBER ,MDS
pc: 3.0,NUMBEROFPLANESATTACKING
dummy,O
,
unit: NO. 104 SQDN ,UNIT
bl: 227.69230770000001 ,BOMBLOAD
dept: DAY ,DEPARTURE
AERODROME ,TGTTYPE
dt: 1918-09-04,MSNDATE
desig: AIRCO DH9 DAY BOMBER ,MDS
dummy,O
,
NO. 100 SQDN ,UNIT
at NIGHT ,DEPARTURE
to LORQUIN ,TGTLOCATION
desig: HADLEY PAGE O/400 ,MDS
qty: 2.0 ,NUMBEROFPLANESATTACKING
dummy,O
,
Unit NO. 215 SQDN ,UNIT
NIGHT ,DEPARTURE
dt: 1918-09-06,MSNDATE
desig: HADLEY PAGE O/400 ,MDS
qty: 2.0 ,NUMBEROFPLANESATTACKING
dummy,O
,
Unit NO. 97 SQDN ,UNIT
Payload:1568.0kg ,BOMBLOAD
NIGHT ,DEPARTURE
type: AERODROME ,TGTTYPE
on 1918-09-06 ,MSNDATE
HADLEY PAGE O/400 ,MDS
dummy,O
,
bl: 227.0 ,BOMBLOAD
target EHRANG ,TGTLOCATION
type: RAIL JTN ,TGTTYPE
AIRCO DH4 DAY BOMBER ,MDS
pc: 33.0,NUMBEROFPLANESATTACKING
dummy,O
,
bl: 220.1818182 ,BOMBLOAD
DAY ,DEPARTURE
to LUDWIGSHAFEN ,TGTLOCATION
type: BASF ,TGTTYPE
desig: AIRCO DH9 DAY BOMBER ,MDS
qty: 4.0 ,NUMBEROFPLANESATTACKING
dummy,O
,
unit: NO. 104 SQDN ,UNIT
dept: DAY ,DEPARTURE
tloc: MANNHEIM ,TGTLOCATION
BASF ,TGTTYPE
date 1918-09-07 ,MSNDATE
desig: AIRCO DH9 DAY BOMBER ,MDS
qty: 3.0 ,NUMBEROFPLANESATTACKING
dummy,O
,
96TH AERO SQUADRON ,UNIT
545.6kg dropped ,BOMBLOAD
TROOPS AND TOWN ,TGTTYPE
on 1918-09-12 ,MSNDATE
pc: 36.0,NUMBEROFPLANESATTACKING
dummy,O
,
type: TROOPS AND TOWN ,TGTTYPE
date 1918-09-12 ,MSNDATE
BREGUET 14 B2 ,MDS
qty: 36.0 ,NUMBEROFPLANESATTACKING
dummy,O
,
96TH AERO SQUADRON ,UNIT
dept: NIGHT ,DEPARTURE
target VIGNEULLES ,TGTLOCATION
type: TROOPS AND TOWN ,TGTTYPE
date 1918-09-12 ,MSNDATE
dummy,O
,
unit: 96TH AERO SQUADRON ,UNIT
70.4kg dropped ,BOMBLOAD
during the NIGHT,DEPARTURE
target VIGNEULLES ,TGTLOCATION
type: TROOPS AND TOWN ,TGTTYPE
dt: 1918-09-12,MSNDATE
dummy,O
,
bl: 225.0 ,BOMBLOAD
target COURCELLES ORNY VERNY ,TGTLOCATION
date 1918-09-12 ,MSNDATE
desig: AIRCO DH9 DAY BOMBER ,MDS
pc: 33.0,NUMBEROFPLANESATTACKING
dummy,O
,
unit: NO. 104 SQDN ,UNIT
dept: DAY ,DEPARTURE
to CHAMPEY ,TGTLOCATION
dt: 1918-09-12,MSNDATE
desig: AIRCO DH9 DAY BOMBER ,MDS
dummy,O
,
at NIGHT ,DEPARTURE
target METZ-SABLON COURCELLES ,TGTLOCATION
RAILWAYS ,TGTTYPE
HADLEY PAGE O/400 ,MDS
qty: 14.0 ,NUMBEROFPLANESATTACKING
dummy,O
,
bl: 1792.0 ,BOMBLOAD
date 1918-09-12 ,MSNDATE
HADLEY PAGE O/400 ,MDS
pc: 2.0,NUMBEROFPLANESATTACKING
dummy,O
,
1668.0kg dropped ,BOMBLOAD
at NIGHT ,DEPARTURE
desig: HADLEY PAGE O/400 ,MDS
pc: 2.0,NUMBEROFPLANESATTACKING
dummy,O
,
unit: NO. 216 SQDN ,UNIT
Payload:1532.5kg ,BOMBLOAD
type: RAILWAYS ,TGTTYPE
date 1918-09-12 ,MSNDATE
pc: 28.0,NUMBEROFPLANESATTACKING
dummy,O
,
unit: 96TH AERO SQUADRON ,UNIT
DAY ,DEPARTURE
target CHAMBLEY ,TGTLOCATION
type: TROOPS AND TOWN ,TGTTYPE
desig: BREGUET 14 B2 ,MDS
pc: 23.0,NUMBEROFPLANESATTACKING
dummy,O
,
224.75kg dropped ,BOMBLOAD
DAY ,DEPARTURE
RAIL JTN BRIDGE TRANSPORT ,TGTTYPE
dt: 1918-09-13,MSNDATE
AIRCO DH9 DAY BOMBER ,MDS
qty: 10.0 ,NUMBEROFPLANESATTACKING
dummy,O
,
unit: NO. 104 SQDN ,UNIT
bl: 218.8571429 ,BOMBLOAD
type: RAILWAYS ORLY AERODROME ,TGTTYPE
desig: AIRCO DH9 DAY BOMBER ,MDS
pc: 7.0,NUMBEROFPLANESATTACKING
dummy,O
,
Unit NO. 215 SQDN ,UNIT
Payload:2042.0kg ,BOMBLOAD
dept: NIGHT ,DEPARTURE
to COURCELLES ,TGTLOCATION
desig: HADLEY PAGE O/400 ,MDS
qty: 14.0 ,NUMBEROFPLANESATTACKING
dummy,O
,
unit: NO. 100 SQDN ,UNIT
Payload:560.0kg ,BOMBLOAD
at NIGHT ,DEPARTURE
to COURCELLES ,TGTLOCATION
type: RAIL JTN ,TGTTYPE
dt: 1918-09-13,MSNDATE
HADLEY PAGE O/400 ,MDS
qty: 14.0 ,NUMBEROFPLANESATTACKING
dummy,O
,
bl: 316.8 ,BOMBLOAD
trgt CONFLANS ,TGTLOCATION
RR YARDS ,TGTTYPE
BREGUET 14 B2 ,MDS
dummy,O
,
Unit 96TH AERO SQUADRON ,UNIT
DAY ,DEPARTURE
target CONFLANS ,TGTLOCATION
type: RR YARDS ,TGTTYPE
BREGUET 14 B2 ,MDS
dummy,O
,
Unit 96TH AERO SQUADRON ,UNIT
bl: 13.2 ,BOMBLOAD
type: RR YARDS ,TGTTYPE
BREGUET 14 B2 ,MDS
qty: 23.0 ,NUMBEROFPLANESATTACKING
dummy,O
,
at DAY ,DEPARTURE
tloc: CONFLANS ,TGTLOCATION
type: RR YARDS ,TGTTYPE
dt: 1918-09-14,MSNDATE
desig: BREGUET 14 B2 ,MDS
pc: 23.0,NUMBEROFPLANESATTACKING
dummy,O
,
11TH AERO SQUADRON ,UNIT
tloc: CONFLANS ,TGTLOCATION
RAIL YARD ,TGTTYPE
dt: 1918-09-14,MSNDATE
BREGUET 14 B2 ,MDS
pc: 34.0,NUMBEROFPLANESATTACKING
dummy,O
,
DAY ,DEPARTURE
RAIL YARD ,TGTTYPE
dt: 1918-09-14,MSNDATE
desig: LIBERTY DH 4 ,MDS
pc: 35.0,NUMBEROFPLANESATTACKING
dummy,O
,
Unit 96TH AERO SQUADRON ,UNIT
220.0kg dropped ,BOMBLOAD
dept: DAY ,DEPARTURE
TOWN ,TGTTYPE
BREGUET 14 B2 ,MDS
dummy,O
,
Unit 96TH AERO SQUADRON ,UNIT
tloc: ETAIN ,TGTLOCATION
date 1918-09-14 ,MSNDATE
desig: BREGUET 14 B2 ,MDS
qty: 33.0 ,NUMBEROFPLANESATTACKING
dummy,O
,
Unit 96TH AERO SQUADRON ,UNIT
Payload:26.4kg ,BOMBLOAD
during the DAY,DEPARTURE
to ETAIN ,TGTLOCATION
BREGUET 14 B2 ,MDS
pc: 33.0,NUMBEROFPLANESATTACKING
dummy,O
,
bl: 0.6215 ,BOMBLOAD
dept: DAY ,DEPARTURE
target ETAIN ,TGTLOCATION
TOWN ,TGTTYPE
dt: 1918-09-14,MSNDATE
BREGUET 14 B2 ,MDS
qty: 33.0 ,NUMBEROFPLANESATTACKING
dummy,O
,
unit: 11TH AERO SQUADRON ,UNIT
DAY ,DEPARTURE
trgt VITTONVILLE AND ARNAVILLE ,TGTLOCATION
dt: 1918-09-14,MSNDATE
pc: 35.0,NUMBEROFPLANESATTACKING
dummy,O
,
20TH AERO SQUADRON ,UNIT
Payload:440.0kg ,BOMBLOAD
dept: DAY ,DEPARTURE
RAIL YARD ,TGTTYPE
LIBERTY DH 4 ,MDS
qty: 23.0 ,NUMBEROFPLANESATTACKING
dummy,O
,
96TH AERO SQUADRON ,UNIT
at DAY ,DEPARTURE
type: TOWN ,TGTTYPE
dt: 1918-09-14,MSNDATE
dummy,O
,
Unit 96TH AERO SQUADRON ,UNIT
at DAY ,DEPARTURE
to VITTONVILLE AND ARNAVILLE ,TGTLOCATION
dt: 1918-09-14,MSNDATE
desig: BREGUET 14 B2 ,MDS
pc: 28.0,NUMBEROFPLANESATTACKING
dummy,O
,
96TH AERO SQUADRON ,UNIT
bl: 59.4 ,BOMBLOAD
target VITTONVILLE AND ARNAVILLE ,TGTLOCATION
TOWN ,TGTTYPE
BREGUET 14 B2 ,MDS
dummy,O
,
unit: 96TH AERO SQUADRON ,UNIT
0.8701kg dropped ,BOMBLOAD
dept: DAY ,DEPARTURE
trgt VITTONVILLE AND ARNAVILLE ,TGTLOCATION
BREGUET 14 B2 ,MDS
qty: 28.0 ,NUMBEROFPLANESATTACKING
dummy,O
,
Unit 20TH AERO SQUADRON ,UNIT
440.0kg dropped ,BOMBLOAD
during the DAY,DEPARTURE
to GORZE ,TGTLOCATION
LIBERTY DH 4 ,MDS
qty: 35.0 ,NUMBEROFPLANESATTACKING
dummy,O
,
unit: 20TH AERO SQUADRON ,UNIT
GORZE ,TGTTYPE
on 1918-09-14 ,MSNDATE
qty: 35.0 ,NUMBEROFPLANESATTACKING
dummy,O
,
Payload:229.4545455kg ,BOMBLOAD
trgt EHRANG ,TGTLOCATION
RAIL JTN ,TGTTYPE
date 1918-09-14 ,MSNDATE
desig: AIRCO DH4 DAY BOMBER ,MDS
dummy,O
,
Payload:227.33333330000002kg ,BOMBLOAD
tloc: METZ-SABLON BUHL ,TGTLOCATION
RAILWAYS AERODROME ,TGTTYPE
dt: 1918-09-14,MSNDATE
AIRCO DH9 DAY BOMBER ,MDS
pc: 12.0,NUMBEROFPLANESATTACKING
dummy,O
,
224.0kg dropped ,BOMBLOAD
dept: DAY ,DEPARTURE
type: RAILWAYS ,TGTTYPE
on 1918-09-14 ,MSNDATE
AIRCO DH9 DAY BOMBER ,MDS
qty: 10.0 ,NUMBEROFPLANESATTACKING
dummy,O
,
unit: NO. 110 SQDN ,UNIT
Payload:338.0kg ,BOMBLOAD
during the DAY,DEPARTURE
AIRCO DH9A DAY BOMBER ,MDS
qty: 33.0 ,NUMBEROFPLANESATTACKING
dummy,O
,
bl: 1502.444444 ,BOMBLOAD
RAILWAYS ,TGTTYPE
dt: 1918-09-14,MSNDATE
HADLEY PAGE O/400 ,MDS
pc: 36.0,NUMBEROFPLANESATTACKING
dummy,O
,
1754.6666670000002kg dropped ,BOMBLOAD
type: RAILWAYS AERODROME ,TGTTYPE
HADLEY PAGE O/400 ,MDS
pc: 23.0,NUMBEROFPLANESATTACKING
dummy,O
,
1588.333333kg dropped ,BOMBLOAD
NIGHT ,DEPARTURE
tloc: EHRANG KAISERN COURCELLES ,TGTLOCATION
type: RAILWAYS ,TGTTYPE
dt: 1918-09-14,MSNDATE
pc: 36.0,NUMBEROFPLANESATTACKING
dummy,O
,
dept: NIGHT ,DEPARTURE
type: RAIIWAVS. AERODROME ,TGTTYPE
on 1918-09-14 ,MSNDATE
HADLEY PAGE O/400 ,MDS
qty: 35.0 ,NUMBEROFPLANESATTACKING
dummy,O
,
Unit 96TH AERO SQUADRON ,UNIT
183.33333330000002kg dropped ,BOMBLOAD
during the DAY,DEPARTURE
TOWN ,TGTTYPE
dt: 1918-09-15,MSNDATE
dummy,O
,
unit: 96TH AERO SQUADRON ,UNIT
during the DAY,DEPARTURE
to ARNAVILLE ,TGTLOCATION
desig: BREGUET 14 B2 ,MDS
pc: 33.0,NUMBEROFPLANESATTACKING
dummy,O
,
96TH AERO SQUADRON ,UNIT
bl: 39.6 ,BOMBLOAD
tloc: ARNAVILLE ,TGTLOCATION
TOWN ,TGTTYPE
desig: BREGUET 14 B2 ,MDS
dummy,O
,
Unit 96TH AERO SQUADRON ,UNIT
Payload:19.8kg ,BOMBLOAD
dept: DAY ,DEPARTURE
tloc: ARNAVILLE ,TGTLOCATION
TOWN ,TGTTYPE
dt: 1918-09-15,MSNDATE
pc: 33.0,NUMBEROFPLANESATTACKING
dummy,O
,
96TH AERO SQUADRON ,UNIT
date 1918-09-15 ,MSNDATE
BREGUET 14 B2 ,MDS
dummy,O
,
Unit 96TH AERO SQUADRON ,UNIT
220.0kg dropped ,BOMBLOAD
trgt LONGUYON ,TGTLOCATION
RAIL YARD ,TGTTYPE
date 1918-09-15 ,MSNDATE
BREGUET 14 B2 ,MDS
qty: 28.0 ,NUMBEROFPLANESATTACKING
dummy,O
,
Unit 96TH AERO SQUADRON ,UNIT
bl: 110.0 ,BOMBLOAD
on 1918-09-15 ,MSNDATE
desig: BREGUET 14 B2 ,MDS
qty: 28.0 ,NUMBEROFPLANESATTACKING
dummy,O
,
unit: 96TH AERO SQUADRON ,UNIT
Payload:29.7kg ,BOMBLOAD
during the DAY,DEPARTURE
to LONGUYON ,TGTLOCATION
type: RAIL YARD ,TGTTYPE
date 1918-09-15 ,MSNDATE
dummy,O
,
Unit 96TH AERO SQUADRON ,UNIT
Payload:3.7289999999999996kg ,BOMBLOAD
at DAY ,DEPARTURE
target LONGUYON ,TGTLOCATION
date 1918-09-15 ,MSNDATE
dummy,O
,
Payload:228.66666669999998kg ,BOMBLOAD
during the DAY,DEPARTURE
DAIMLER WORKS ,TGTTYPE
desig: AIRCO DH4 DAY BOMBER ,MDS
qty: 36.0 ,NUMBEROFPLANESATTACKING
dummy,O
,
225.3846154kg dropped ,BOMBLOAD
dept: DAY ,DEPARTURE
RAILWAYS ,TGTTYPE
desig: AIRCO DH9 DAY BOMBER ,MDS
pc: 6.0,NUMBEROFPLANESATTACKING
dummy,O
,
Unit NO. 104 SQDN ,UNIT
dept: DAY ,DEPARTURE
RAILWAYS ,TGTTYPE
dt: 1918-09-15,MSNDATE
desig: AIRCO DH9 DAY BOMBER ,MDS
pc: 5.0,NUMBEROFPLANESATTACKING
dummy,O
,
Unit NO. 110 SQDN ,UNIT
303.0kg dropped ,BOMBLOAD
dept: DAY ,DEPARTURE
tloc: BUHL ,TGTLOCATION
type: AERODROME ,TGTTYPE
date 1918-09-15 ,MSNDATE
qty: 3.0 ,NUMBEROFPLANESATTACKING
dummy,O
,
NO. 97 SQDN ,UNIT
Payload:1377.333333kg ,BOMBLOAD
trgt LORQUIN MORN MAINZ ,TGTLOCATION
type: AERODROMES RAIL ,TGTTYPE
pc: 36.0,NUMBEROFPLANESATTACKING
dummy,O
,
1028.6kg dropped ,BOMBLOAD
target LORQUIN BUHL SAARBURG ,TGTLOCATION
date 1918-09-15 ,MSNDATE
HADLEY PAGE O/400 ,MDS
dummy,O
,
Unit NO. 215 SQDN ,UNIT
during the NIGHT,DEPARTURE
on 1918-09-15 ,MSNDATE
HADLEY PAGE O/400 ,MDS
dummy,O
,
bl: 1618.5 ,BOMBLOAD
NIGHT ,DEPARTURE
desig: HADLEY PAGE O/400 ,MDS
pc: 33.0,NUMBEROFPLANESATTACKING
dummy,O
,
unit: 96TH AERO SQUADRON ,UNIT
trgt CONFLANS ,TGTLOCATION
pc: 33.0,NUMBEROFPLANESATTACKING
dummy,O
,
96TH AERO SQUADRON ,UNIT
to CONFLANS ,TGTLOCATION
type: RAIL YARD ,TGTTYPE
date 1918-09-16 ,MSNDATE
dummy,O
,
Unit 96TH AERO SQUADRON ,UNIT
type: RAIL YARD ,TGTTYPE
dt: 1918-09-16,MSNDATE
BREGUET 14 B2 ,MDS
qty: 33.0 ,NUMBEROFPLANESATTACKING
dummy,O
,
96TH AERO SQUADRON ,UNIT
dept: DAY ,DEPARTURE
to CONFLANS ,TGTLOCATION
RAIL YARD ,TGTTYPE
on 1918-09-16 ,MSNDATE
dummy,O
,
unit: 20TH AERO SQUADRON ,UNIT
Payload:440.0kg ,BOMBLOAD
during the DAY,DEPARTURE
trgt CONFLANS ,TGTLOCATION
on 1918-09-16 ,MSNDATE
LIBERTY DH 4 ,MDS
pc: 31.0,NUMBEROFPLANESATTACKING
dummy,O
,
Unit 20TH AERO SQUADRON ,UNIT
bl: 440.0 ,BOMBLOAD
trgt CONFLANS ,TGTLOCATION
date 1918-09-16 ,MSNDATE
desig: LIBERTY DH 4 ,MDS
qty: 2.0 ,NUMBEROFPLANESATTACKING
dummy,O
,
20TH AERO SQUADRON ,UNIT
Payload:17.01kg ,BOMBLOAD
RAILROAD YARDS ,TGTTYPE
dt: 1918-09-16,MSNDATE
desig: LIBERTY DH 4 ,MDS
pc: 2.0,NUMBEROFPLANESATTACKING
dummy,O
,
Unit NO. 55 SQDN ,UNIT
bl: 227.6 ,BOMBLOAD
to MANNHEIM ,TGTLOCATION
on 1918-09-16 ,MSNDATE
qty: 31.0 ,NUMBEROFPLANESATTACKING
dummy,O
,
205.81818180000002kg dropped ,BOMBLOAD
dept: DAY ,DEPARTURE
target HAGENAU ,TGTLOCATION
AERODROME ,TGTTYPE
on 1918-09-16 ,MSNDATE
qty: 4.0 ,NUMBEROFPLANESATTACKING
dummy,O
,
Unit NO. 110 SQDN ,UNIT
target MANNHEIM ,TGTLOCATION
on 1918-09-16 ,MSNDATE
desig: AIRCO DH9A DAY BOMBER ,MDS
dummy,O
,
1450.0kg dropped ,BOMBLOAD
dept: NIGHT ,DEPARTURE
RAILWAY & AERODROMES ,TGTTYPE
dt: 1918-09-16,MSNDATE
desig: HADLEY PAGE O/400 ,MDS
qty: 23.0 ,NUMBEROFPLANESATTACKING
dummy,O
,
unit: NO. 100 SQDN ,UNIT
during the NIGHT,DEPARTURE
trgt FRESCATY ,TGTLOCATION
type: ZEPP SHED & AERODROME ,TGTTYPE
on 1918-09-16 ,MSNDATE
HADLEY PAGE O/400 ,MDS
dummy,O
,
unit: NO. 115 SQDN ,UNIT
during the NIGHT,DEPARTURE
to METZ-SABLON ,TGTLOCATION
type: RAILWAYS ,TGTTYPE
dt: 1918-09-16,MSNDATE
HADLEY PAGE O/400 ,MDS
dummy,O
,
NO. 216 SQDN ,UNIT
at NIGHT ,DEPARTURE
tloc: 5 LOCATIONS ,TGTLOCATION
dt: 1918-09-16,MSNDATE
HADLEY PAGE O/400 ,MDS
dummy,O
,
Unit 96TH AERO SQUADRON ,UNIT
188.5714286kg dropped ,BOMBLOAD
at DAY ,DEPARTURE
RAIL YARD ,TGTTYPE
date 1918-09-18 ,MSNDATE
desig: BREGUET 14 B2 ,MDS
dummy,O
,
96TH AERO SQUADRON ,UNIT
Payload:75.42857143kg ,BOMBLOAD
at DAY ,DEPARTURE
trgt LONGUYON ,TGTLOCATION
RAIL YARD ,TGTTYPE
BREGUET 14 B2 ,MDS
dummy,O
,
Unit 96TH AERO SQUADRON ,UNIT
22.62857143kg dropped ,BOMBLOAD
at DAY ,DEPARTURE
tloc: LONGUYON ,TGTLOCATION
BREGUET 14 B2 ,MDS
dummy,O
,
Unit 96TH AERO SQUADRON ,UNIT
dept: DAY ,DEPARTURE
target LONGUYON ,TGTLOCATION
on 1918-09-18 ,MSNDATE
pc: 34.0,NUMBEROFPLANESATTACKING
dummy,O
,
unit: 20TH AERO SQUADRON ,UNIT
at DAY ,DEPARTURE
type: TOWN ,TGTTYPE
date 1918-09-18 ,MSNDATE
LIBERTY DH 4 ,MDS
qty: 31.0 ,NUMBEROFPLANESATTACKING
dummy,O
,
NO. 97 SQDN ,UNIT
AERODROMESGASWORKS ,TGTTYPE
dt: 1918-09-20,MSNDATE
desig: HADLEY PAGE O/400 ,MDS
qty: 36.0 ,NUMBEROFPLANESATTACKING
dummy,O
,
NO. 115 SQDN ,UNIT
bl: 1612.8 ,BOMBLOAD
NIGHT ,DEPARTURE
tloc: MORHANQE FONTENAY ,TGTLOCATION
desig: HADLEY PAGE O/400 ,MDS
dummy,O
,
Payload:1568.0kg ,BOMBLOAD
at NIGHT ,DEPARTURE
trgt FRESCATY ,TGTLOCATION
type: AERODROME ,TGTTYPE
dt: 1918-09-20,MSNDATE
desig: HADLEY PAGE O/400 ,MDS
pc: 28.0,NUMBEROFPLANESATTACKING
dummy,O
,
NIGHT ,DEPARTURE
tloc: MANNHEIM KARLSRUHE SAARBRUCKEN ,TGTLOCATION
LANZ WKS GASWORKS BLST FURN ,TGTTYPE
pc: 23.0,NUMBEROFPLANESATTACKING
dummy,O
,
unit: NO. 216 SQDN ,UNIT
NIGHT ,DEPARTURE
trgt MANNHEIM FRESCATY ,TGTLOCATION
LANZ WORKS AERODROME ,TGTTYPE
HADLEY PAGE O/400 ,MDS
dummy,O
,
unit: NO. 97 SQDN ,UNIT
Payload:1633.666667kg ,BOMBLOAD
during the NIGHT,DEPARTURE
HADLEY PAGE O/400 ,MDS
pc: 33.0,NUMBEROFPLANESATTACKING
dummy,O
,
unit: NO. 100 SQDN ,UNIT
bl: 1792.0 ,BOMBLOAD
at NIGHT ,DEPARTURE
trgt FRESCATY ,TGTLOCATION
qty: 23.0 ,NUMBEROFPLANESATTACKING
dummy,O
,
1493.333333kg dropped ,BOMBLOAD
NIGHT ,DEPARTURE
tloc: MORHANGE LEININGEN ,TGTLOCATION
AERODROME RAIL STN ,TGTTYPE
dt: 1918-09-21,MSNDATE
dummy,O
,
bl: 2042.0 ,BOMBLOAD
trgt HAGENDINGEN ,TGTLOCATION
type: BLAST FURNACES ,TGTTYPE
dt: 1918-09-21,MSNDATE
dummy,O
,
Unit NO. 216 SQDN ,UNIT
to ROMBACH ,TGTLOCATION
dt: 1918-09-21,MSNDATE
desig: HADLEY PAGE O/400 ,MDS
dummy,O
,
bl: 228.5 ,BOMBLOAD
trgt KAISERSLAUTERN ,TGTLOCATION
type: MUNITIONS FACTORIES ,TGTTYPE
AIRCO DH4 DAY BOMBER ,MDS
qty: 5.0 ,NUMBEROFPLANESATTACKING
dummy,O
,
Unit NO. 99 SQDN ,UNIT
type: AERODROME ,TGTTYPE
on 1918-09-25 ,MSNDATE
desig: AIRCO DH9 DAY BOMBER ,MDS
qty: 31.0 ,NUMBEROFPLANESATTACKING
dummy,O
,
bl: 218.8571429 ,BOMBLOAD
at DAY ,DEPARTURE
tloc: BUHL ,TGTLOCATION
AERODROME ,TGTTYPE
on 1918-09-25 ,MSNDATE
desig: AIRCO DH9 DAY BOMBER ,MDS
dummy,O
,
NO. 110 SQDN ,UNIT
to FRANKFURT ,TGTLOCATION
dt: 1918-09-25,MSNDATE
qty: 4.0 ,NUMBEROFPLANESATTACKING
dummy,O
,
unit: 20TH AERO SQUADRON ,UNIT
Payload:0.086785714kg ,BOMBLOAD
DAY ,DEPARTURE
type: TOWN ,TGTTYPE
qty: 7.0 ,NUMBEROFPLANESATTACKING
dummy,O
,
unit: 20TH AERO SQUADRON ,UNIT
Payload:440.0kg ,BOMBLOAD
at DAY ,DEPARTURE
trgt DUN-SUR-MEUSE ,TGTLOCATION
type: TOWN ,TGTTYPE
dummy,O
,
20TH AERO SQUADRON ,UNIT
440.0kg dropped ,BOMBLOAD
DAY ,DEPARTURE
date 1918-09-26 ,MSNDATE
LIBERTY DH 4 ,MDS
dummy,O
,
unit: NO. 55 SQDN ,UNIT
type: RAILWAYS ,TGTTYPE
date 1918-09-26 ,MSNDATE
AIRCO DH4 DAY BOMBER ,MDS
dummy,O
,
Unit NO. 99 SQDN ,UNIT
tloc: METZ-SABLON ,TGTLOCATION
RAILWAYS ,TGTTYPE
desig: AIRCO DH9 DAY BOMBER ,MDS
pc: 33.0,NUMBEROFPLANESATTACKING
dummy,O
,
target METZ-SABLON ,TGTLOCATION
type: RAILWAYS ,TGTTYPE
pc: 36.0,NUMBEROFPLANESATTACKING
dummy,O
,
to MEZIERES METZ-SABLON ,TGTLOCATION
type: RAILWAYS ,TGTTYPE
on 1918-09-26 ,MSNDATE
qty: 31.0 ,NUMBEROFPLANESATTACKING
dummy,O
,
Unit NO. 100 SQDN ,UNIT
during the NIGHT,DEPARTURE
tloc: THIONVILLE. METZ-SABLON ,TGTLOCATION
RAILWAY-JTN RAILWAYS ,TGTTYPE
dt: 1918-09-26,MSNDATE
dummy,O
,
dept: NIGHT ,DEPARTURE
target METZ-SABLON THIONVILLE PLAPPEVILLE ,TGTLOCATION
RAILWAYS AAA AERODROME ,TGTTYPE
dt: 1918-09-26,MSNDATE
HADLEY PAGE O/400 ,MDS
dummy,O
,
NO. 215 SQDN ,UNIT
Payload:2042.0kg ,BOMBLOAD
at NIGHT ,DEPARTURE
trgt METZ-SABLON FRESCATY ,TGTLOCATION
type: RAILWAYS. AERODROME ,TGTTYPE
pc: 23.0,NUMBEROFPLANESATTACKING
dummy,O
,
unit: NO. 216 SQDN ,UNIT
1481.5kg dropped ,BOMBLOAD
target MEZIERES METZ-SABLON ,TGTLOCATION
RAILWAYS ,TGTTYPE
HADLEY PAGE O/400 ,MDS
dummy,O
,
20TH AERO SQUADRON ,UNIT
Payload:82.5kg ,BOMBLOAD
during the DAY,DEPARTURE
type: STATION ,TGTTYPE
dt: 1918-09-28,MSNDATE
qty: 35.0 ,NUMBEROFPLANESATTACKING
dummy,O
,
Unit NO. 97 SQDN ,UNIT
1730.5kg dropped ,BOMBLOAD
trgt FORET-DE-SAUVAQE MEZIERES ,TGTLOCATION
on 1918-09-30 ,MSNDATE
HADLEY PAGE O/400 ,MDS
dummy,O
,
Unit NO. 100 SQDN ,UNIT
Payload:1446.0kg ,BOMBLOAD
to SAARBRUCKEN ,TGTLOCATION
type: BURBACH WORKS ,TGTTYPE
HADLEY PAGE O/400 ,MDS
dummy,O
,
bl: 2042.0 ,BOMBLOAD
at NIGHT ,DEPARTURE
type: AERODROME RAILWAYS ,TGTTYPE
dt: 1918-09-30,MSNDATE
desig: HADLEY PAGE O/400 ,MDS
dummy,O
,
20TH AERO SQUADRON ,UNIT
Payload:55.0kg ,BOMBLOAD
DAY ,DEPARTURE
trgt BANTHEVILLE ,TGTLOCATION
RAIL TRACKS ,TGTTYPE
desig: LIBERTY DH 4 ,MDS
dummy,O
,
NO. 110 SQDN ,UNIT
281.0kg dropped ,BOMBLOAD
DAY ,DEPARTURE
type: RAILWAY STNS ,TGTTYPE
qty: 33.0 ,NUMBEROFPLANESATTACKING
dummy,O
,
unit: 20TH AERO SQUADRON ,UNIT
bl: 220.0 ,BOMBLOAD
during the DAY,DEPARTURE
to ST. JUVIN ,TGTLOCATION
type: TOWN ,TGTTYPE
dt: 1918-10-02,MSNDATE
LIBERTY DH 4 ,MDS
dummy,O
,
bl: 1556.0 ,BOMBLOAD
trgt METZ-SABLON ,TGTLOCATION
type: RAILWAYS ,TGTTYPE
desig: HADLEY PAGE O/400 ,MDS
dummy,O
,
Unit NO. 100 SQDN ,UNIT
at NIGHT ,DEPARTURE
to METZ-SABLON MORHANQE ,TGTLOCATION
desig: HADLEY PAGE O/400 ,MDS
pc: 14.0,NUMBEROFPLANESATTACKING
dummy,O
,
Unit NO. 115 SQDN ,UNIT
1568.0kg dropped ,BOMBLOAD
NIGHT ,DEPARTURE
tloc: METZ-SABLON ,TGTLOCATION
RAILWAYS ,TGTTYPE
dt: 1918-10-03,MSNDATE
desig: HADLEY PAGE O/400 ,MDS
dummy,O
,
NO. 215 SQDN ,UNIT
2042.0kg dropped ,BOMBLOAD
dept: NIGHT ,DEPARTURE
target FRESCATY ,TGTLOCATION
type: AERODROME ,TGTTYPE
dt: 1918-10-03,MSNDATE
pc: 2.0,NUMBEROFPLANESATTACKING
dummy,O
,
1507.0kg dropped ,BOMBLOAD
during the NIGHT,DEPARTURE
target METZ-SABLON ,TGTLOCATION
type: RAILWAYS ,TGTTYPE
on 1918-10-03 ,MSNDATE
HADLEY PAGE O/400 ,MDS
dummy,O
,
Unit NO. 104 SQDN ,UNIT
226.5kg dropped ,BOMBLOAD
during the DAY,DEPARTURE
tloc: METZ-SABLON ,TGTLOCATION
date 1918-10-05 ,MSNDATE
qty: 5.0 ,NUMBEROFPLANESATTACKING
dummy,O
,
to KAISERSLAUTERN PIRRNASENS ,TGTLOCATION
type: RAILWAYS ,TGTTYPE
dt: 1918-10-05,MSNDATE
qty: 35.0 ,NUMBEROFPLANESATTACKING
dummy,O
,
unit: NO. 97 SQDN ,UNIT
during the NIGHT,DEPARTURE
to METZ-S MEZIERES COURCELS ,TGTLOCATION
type: RAILWAYS ,TGTTYPE
on 1918-10-05 ,MSNDATE
qty: 31.0 ,NUMBEROFPLANESATTACKING
dummy,O
,
1619.0kg dropped ,BOMBLOAD
during the NIGHT,DEPARTURE
type: AERO BURBACH WKS RAIL ,TGTTYPE
desig: HADLEY PAGE O/400 ,MDS
dummy,O
,
NO. 115 SQDN ,UNIT
Payload:1568.0kg ,BOMBLOAD
during the NIGHT,DEPARTURE
trgt THIONVILLE METZ-SABLON ,TGTLOCATION
desig: HADLEY PAGE O/400 ,MDS
dummy,O
,
Unit NO. 215 SQDN ,UNIT
2042.0kg dropped ,BOMBLOAD
at NIGHT ,DEPARTURE
to FRESCATY ,TGTLOCATION
HADLEY PAGE O/400 ,MDS
pc: 14.0,NUMBEROFPLANESATTACKING
dummy,O
,
unit: NO. 216 SQDN ,UNIT
during the NIGHT,DEPARTURE
target METZ-SABLON ,TGTLOCATION
type: RAILWAYS ,TGTTYPE
desig: HADLEY PAGE O/400 ,MDS
qty: 31.0 ,NUMBEROFPLANESATTACKING
dummy,O
,
Unit 96TH AERO SQUADRON ,UNIT
trgt BANTHEVILLE ,TGTLOCATION
type: TOWN ,TGTTYPE
dt: 1918-10-06,MSNDATE
pc: 36.0,NUMBEROFPLANESATTACKING
dummy,O
,
96TH AERO SQUADRON ,UNIT
bl: 48.88888889 ,BOMBLOAD
during the DAY,DEPARTURE
dt: 1918-10-06,MSNDATE
desig: BREGUET 14 B2 ,MDS
dummy,O
,
unit: 96TH AERO SQUADRON ,UNIT
DAY ,DEPARTURE
trgt BANTHEVILLE ,TGTLOCATION
type: TOWN ,TGTTYPE
date 1918-10-06 ,MSNDATE
pc: 36.0,NUMBEROFPLANESATTACKING
dummy,O
,
96TH AERO SQUADRON ,UNIT
bl: 1.933555556 ,BOMBLOAD
tloc: BANTHEVILLE ,TGTLOCATION
on 1918-10-06 ,MSNDATE
BREGUET 14 B2 ,MDS
dummy,O
,
Unit 20TH AERO SQUADRON ,UNIT
trgt BANTHEVILLE/ ST JUVIN ,TGTLOCATION
on 1918-10-09 ,MSNDATE
qty: 5.0 ,NUMBEROFPLANESATTACKING
dummy,O
,
227.2727273kg dropped ,BOMBLOAD
DAY ,DEPARTURE
tloc: METZ-SABTON ,TGTLOCATION
type: RAILWAYS ,TGTTYPE
dummy,O
,
unit: NO. 104 SQDN ,UNIT
bl: 226.30769229999999 ,BOMBLOAD
type: RAILWAYS ,TGTTYPE
date 1918-10-09 ,MSNDATE
qty: 6.0 ,NUMBEROFPLANESATTACKING
dummy,O
,
Unit NO. 97 SQDN ,UNIT
1701.3333329999998kg dropped ,BOMBLOAD
NIGHT ,DEPARTURE
to METZ-SABLON ,TGTLOCATION
date 1918-10-09 ,MSNDATE
pc: 23.0,NUMBEROFPLANESATTACKING
dummy,O
,
unit: NO. 100 SQDN ,UNIT
target MEZIERES ,TGTLOCATION
HADLEY PAGE O/400 ,MDS
pc: 14.0,NUMBEROFPLANESATTACKING
dummy,O
,
Payload:1545.6kg ,BOMBLOAD
tloc: THIONVILLE MORHANQE ,TGTLOCATION
date 1918-10-09 ,MSNDATE
HADLEY PAGE O/400 ,MDS
qty: 31.0 ,NUMBEROFPLANESATTACKING
dummy,O
,
unit: NO. 215 SQDN ,UNIT
dept: NIGHT ,DEPARTURE
target METZ-SABLON FRESCATY ,TGTLOCATION
type: RAILWAYS. AERODROME ,TGTTYPE
desig: HADLEY PAGE O/400 ,MDS
dummy,O
,
unit: NO. 216 SQDN ,UNIT
Payload:1323.666667kg ,BOMBLOAD
target METZ-SABLON MEZIERES THIONVILLE ,TGTLOCATION
dt: 1918-10-09,MSNDATE
desig: HADLEY PAGE O/400 ,MDS
qty: 33.0 ,NUMBEROFPLANESATTACKING
dummy,O
,
during the DAY,DEPARTURE
TOWN ,TGTTYPE
on 1918-10-10 ,MSNDATE
desig: LIBERTY DH 4 ,MDS
dummy,O
,
20TH AERO SQUADRON ,UNIT
DAY ,DEPARTURE
on 1918-10-10 ,MSNDATE
desig: LIBERTY DH 4 ,MDS
qty: 4.0 ,NUMBEROFPLANESATTACKING
dummy,O
,
unit: 96TH AERO SQUADRON ,UNIT
during the DAY,DEPARTURE
tloc: DUN-SUR-MEUSE ,TGTLOCATION
type: TOWN ,TGTTYPE
pc: 33.0,NUMBEROFPLANESATTACKING
dummy,O
,
unit: 96TH AERO SQUADRON ,UNIT
dept: DAY ,DEPARTURE
to DUN-SUR-MEUSE ,TGTLOCATION
TOWN ,TGTTYPE
dt: 1918-10-10,MSNDATE
desig: BREGUET 14 B2 ,MDS
qty: 33.0 ,NUMBEROFPLANESATTACKING
dummy,O
,
bl: 33.0 ,BOMBLOAD
DAY ,DEPARTURE
TOWN ,TGTTYPE
date 1918-10-10 ,MSNDATE
BREGUET 14 B2 ,MDS
dummy,O
,
96TH AERO SQUADRON ,UNIT
Payload:1.346583333kg ,BOMBLOAD
TOWN ,TGTTYPE
BREGUET 14 B2 ,MDS
qty: 33.0 ,NUMBEROFPLANESATTACKING
dummy,O
,
96TH AERO SQUADRON ,UNIT
bl: 176.0 ,BOMBLOAD
target VILLERS-DEVANT-DUN ,TGTLOCATION
dt: 1918-10-10,MSNDATE
BREGUET 14 B2 ,MDS
dummy,O
,
96TH AERO SQUADRON ,UNIT
88.0kg dropped ,BOMBLOAD
trgt VILLERS-DEVANT-DUN ,TGTLOCATION
type: TOWN ,TGTTYPE
date 1918-10-10 ,MSNDATE
BREGUET 14 B2 ,MDS
dummy,O
,
unit: 96TH AERO SQUADRON ,UNIT
dept: DAY ,DEPARTURE
tloc: VILLERS-DEVANT-DUN ,TGTLOCATION
dt: 1918-10-10,MSNDATE
BREGUET 14 B2 ,MDS
dummy,O
,
Unit 96TH AERO SQUADRON ,UNIT
at DAY ,DEPARTURE
target VILLERS-DEVANT-DUN ,TGTLOCATION
dt: 1918-10-10,MSNDATE
dummy,O
,
unit: 96TH AERO SQUADRON ,UNIT
Payload:1.18085kg ,BOMBLOAD
at DAY ,DEPARTURE
on 1918-10-10 ,MSNDATE
desig: BREGUET 14 B2 ,MDS
dummy,O
,
bl: 220.0 ,BOMBLOAD
during the DAY,DEPARTURE
TOWN ,TGTTYPE
pc: 4.0,NUMBEROFPLANESATTACKING
dummy,O
,
Unit 20TH AERO SQUADRON ,UNIT
dept: DAY ,DEPARTURE
trgt VILLERS-DEVANT-DUN ,TGTLOCATION
TOWN ,TGTTYPE
desig: LIBERTY DH 4 ,MDS
qty: 4.0 ,NUMBEROFPLANESATTACKING
dummy,O
,
Unit NO. 99 SQDN ,UNIT
bl: 227.75 ,BOMBLOAD
dept: DAY ,DEPARTURE
type: RAILWAYS ,TGTTYPE
on 1918-10-10 ,MSNDATE
qty: 35.0 ,NUMBEROFPLANESATTACKING
dummy,O
,
DAY ,DEPARTURE
target METZ-SABLON ,TGTLOCATION
on 1918-10-10 ,MSNDATE
desig: AIRCO DH9 DAY BOMBER ,MDS
pc: 5.0,NUMBEROFPLANESATTACKING
dummy,O
,
Unit NO. 100 SQDN ,UNIT
1792.0kg dropped ,BOMBLOAD
on 1918-10-10 ,MSNDATE
desig: HADLEY PAGE O/400 ,MDS
dummy,O
,
unit: NO. 215 SQDN ,UNIT
Payload:2042.0kg ,BOMBLOAD
dept: NIGHT ,DEPARTURE
tloc: FRESCATY ,TGTLOCATION
HADLEY PAGE O/400 ,MDS
qty: 14.0 ,NUMBEROFPLANESATTACKING
dummy,O
,
1568.0kg dropped ,BOMBLOAD
type: RAILWAYS FACTORIES ,TGTTYPE
dt: 1918-10-10,MSNDATE
pc: 14.0,NUMBEROFPLANESATTACKING
dummy,O
,
NO. 55 SQDN ,UNIT
Payload:224.0kg ,BOMBLOAD
at DAY ,DEPARTURE
to FRESCATY ,TGTLOCATION
dt: 1918-10-15,MSNDATE
dummy,O
,
96TH AERO SQUADRON ,UNIT
bl: 47.14285714 ,BOMBLOAD
type: TOWN ,TGTTYPE
dt: 1918-10-18,MSNDATE
qty: 7.0 ,NUMBEROFPLANESATTACKING
dummy,O
,
during the DAY,DEPARTURE
tloc: BAYONVILLE ,TGTLOCATION
TOWN ,TGTTYPE
dt: 1918-10-18,MSNDATE
dummy,O
,
Unit 96TH AERO SQUADRON ,UNIT
Payload:12.57142857kg ,BOMBLOAD
TOWN ,TGTTYPE
desig: BREGUET 14 B2 ,MDS
qty: 7.0 ,NUMBEROFPLANESATTACKING
dummy,O
,
0.0kg dropped ,BOMBLOAD
during the DAY,DEPARTURE
type: TOWN ,TGTTYPE
BREGUET 14 B2 ,MDS
qty: 7.0 ,NUMBEROFPLANESATTACKING
dummy,O
,
tloc: METZ-SABLON ,TGTLOCATION
RAILWAYS ,TGTTYPE
on 1918-10-18 ,MSNDATE
desig: AIRCO DH9A DAY BOMBER ,MDS
qty: 35.0 ,NUMBEROFPLANESATTACKING
dummy,O
,
226.30769229999999kg dropped ,BOMBLOAD
during the DAY,DEPARTURE
on 1918-10-18 ,MSNDATE
AIRCO DH9 DAY BOMBER ,MDS
dummy,O
,
NO. 100 SQDN ,UNIT
bl: 1792.0 ,BOMBLOAD
trgt SAARBURG ,TGTLOCATION
RAILWAYS ,TGTTYPE
pc: 2.0,NUMBEROFPLANESATTACKING
dummy,O
,
unit: NO. 55 SQDN ,UNIT
dept: DAY ,DEPARTURE
type: RAILWAYS ,TGTTYPE
desig: AIRCO DH4 DAY BOMBER ,MDS
dummy,O
,
unit: NO. 99 SQDN ,UNIT
bl: 227.2727273 ,BOMBLOAD
tloc: METZ-SABLON ,TGTLOCATION
dt: 1918-10-21,MSNDATE
AIRCO DH9A DAY BOMBER ,MDS
qty: 4.0 ,NUMBEROFPLANESATTACKING
dummy,O
,
at DAY ,DEPARTURE
tloc: METZ-SABLON ,TGTLOCATION
RAILWAYS ,TGTTYPE
dt: 1918-10-21,MSNDATE
AIRCO DH9 DAY BOMBER ,MDS
dummy,O
,
318.4kg dropped ,BOMBLOAD
date 1918-10-21 ,MSNDATE
desig: AIRCO DH9A DAY BOMBER ,MDS
pc: 31.0,NUMBEROFPLANESATTACKING
dummy,O
,
unit: NO. 97 SQDN ,UNIT
1758.0kg dropped ,BOMBLOAD
at NIGHT ,DEPARTURE
tloc: KAISERSLAUTERN ,TGTLOCATION
RAILWAYS ,TGTTYPE
dummy,O
,
Unit NO. 100 SQDN ,UNIT
Payload:1663.0kg ,BOMBLOAD
at NIGHT ,DEPARTURE
trgt MEZIERES KAISERSLAUTERN ,TGTLOCATION
RAILWAYS ,TGTTYPE
on 1918-10-21 ,MSNDATE
HADLEY PAGE O/400 ,MDS
dummy,O
,
bl: 192.3428571 ,BOMBLOAD
trgt BOIS DE LA FOLIE ,TGTLOCATION
desig: BREGUET 14 B2 ,MDS
qty: 34.0 ,NUMBEROFPLANESATTACKING
dummy,O
,
tloc: BOIS DE LA FOLIE ,TGTLOCATION
type: ROAD ,TGTTYPE
date 1918-10-23 ,MSNDATE
qty: 34.0 ,NUMBEROFPLANESATTACKING
dummy,O
,
Unit 96TH AERO SQUADRON ,UNIT
bl: 28.28571429 ,BOMBLOAD
target BOIS DE LA FOLIE ,TGTLOCATION
type: ROAD ,TGTTYPE
dt: 1918-10-23,MSNDATE
BREGUET 14 B2 ,MDS
dummy,O
,
unit: 96TH AERO SQUADRON ,UNIT
ROAD ,TGTTYPE
date 1918-10-23 ,MSNDATE
qty: 34.0 ,NUMBEROFPLANESATTACKING
dummy,O
,
dept: DAY ,DEPARTURE
tloc: BOIS DE LA FOLIE ,TGTLOCATION
ROAD ,TGTTYPE
BREGUET 14 B2 ,MDS
pc: 34.0,NUMBEROFPLANESATTACKING
dummy,O
,
unit: 96TH AERO SQUADRON ,UNIT
bl: 22.85714286 ,BOMBLOAD
during the DAY,DEPARTURE
ROAD ,TGTTYPE
on 1918-10-23 ,MSNDATE
BREGUET 14 B2 ,MDS
dummy,O
,
206.25kg dropped ,BOMBLOAD
to BOIS DE LA FOLIE ,TGTLOCATION
BARRACKS AND WOODS ,TGTTYPE
on 1918-10-23 ,MSNDATE
desig: LIBERTY DH 4 ,MDS
dummy,O
,
Payload:9.1125kg ,BOMBLOAD
at DAY ,DEPARTURE
tloc: BOIS DE LA FOLIE ,TGTLOCATION
BARRACKS AND WOODS ,TGTTYPE
date 1918-10-23 ,MSNDATE
qty: 35.0 ,NUMBEROFPLANESATTACKING
dummy,O
,
Unit NO. 55 SQDN ,UNIT
target METZ-SABLON ,TGTLOCATION
date 1918-10-23 ,MSNDATE
AIRCO DH4 DAY BOMBER ,MDS
qty: 4.0 ,NUMBEROFPLANESATTACKING
dummy,O
,
Payload:227.2727273kg ,BOMBLOAD
AIRCO DH9A DAY BOMBER ,MDS
qty: 4.0 ,NUMBEROFPLANESATTACKING
dummy,O
,
unit: NO. 104 SQDN ,UNIT
bl: 226.7272727 ,BOMBLOAD
dept: DAY ,DEPARTURE
to METZ-SABLON ,TGTLOCATION
type: RAILWAYS ,TGTTYPE
desig: AIRCO DH9 DAY BOMBER ,MDS
dummy,O
,
NO. 97 SQDN ,UNIT
dept: NIGHT ,DEPARTURE
on 1918-10-23 ,MSNDATE
HADLEY PAGE O/400 ,MDS
qty: 2.0 ,NUMBEROFPLANESATTACKING
dummy,O
,
Unit NO. 100 SQDN ,UNIT
NIGHT ,DEPARTURE
dt: 1918-10-23,MSNDATE
desig: HADLEY PAGE O/400 ,MDS
dummy,O
,
2052.0kg dropped ,BOMBLOAD
at NIGHT ,DEPARTURE
to KAISERSLAUTERN SAARBRUCKEN ,TGTLOCATION
type: RAIL JTN & STN ,TGTTYPE
on 1918-10-23 ,MSNDATE
HADLEY PAGE O/400 ,MDS
dummy,O
,
NO. 216 SQDN ,UNIT
NIGHT ,DEPARTURE
to MANNHEIM SAARBURG US COBLENLZ ,TGTLOCATION
BASF BLAST FURN RAIL BRIDGE ,TGTTYPE
dt: 1918-10-23,MSNDATE
HADLEY PAGE O/400 ,MDS
dummy,O
,
20TH AERO SQUADRON ,UNIT
bl: 220.0 ,BOMBLOAD
trgt BUZANCY ,TGTLOCATION
pc: 4.0,NUMBEROFPLANESATTACKING
dummy,O
,
unit: 20TH AERO SQUADRON ,UNIT
Payload:47.27272727kg ,BOMBLOAD
trgt BUZANCY ,TGTLOCATION
type: TOWN ,TGTTYPE
on 1918-10-26 ,MSNDATE
desig: LIBERTY DH 4 ,MDS
qty: 4.0 ,NUMBEROFPLANESATTACKING
dummy,O
,
220.0kg dropped ,BOMBLOAD
DAY ,DEPARTURE
TOWN ,TGTTYPE
LIBERTY DH 4 ,MDS
qty: 33.0 ,NUMBEROFPLANESATTACKING
dummy,O
,
Unit 20TH AERO SQUADRON ,UNIT
dept: DAY ,DEPARTURE
tloc: BRIQUENAY ,TGTLOCATION
date 1918-10-27 ,MSNDATE
desig: LIBERTY DH 4 ,MDS
pc: 33.0,NUMBEROFPLANESATTACKING
dummy,O
,
unit: 166TH AERO SQUADRON ,UNIT
Payload:880.0kg ,BOMBLOAD
at DAY ,DEPARTURE
target BRIQUENAY ,TGTLOCATION
dt: 1918-10-27,MSNDATE
desig: LIBERTY DH 4 ,MDS
qty: 4.0 ,NUMBEROFPLANESATTACKING
dummy,O
,
unit: NO. 99 SQDN ,UNIT
228.8kg dropped ,BOMBLOAD
at DAY ,DEPARTURE
trgt FRESCATY ,TGTLOCATION
type: AERODROME ,TGTTYPE
pc: 31.0,NUMBEROFPLANESATTACKING
dummy,O
,
Payload:226.25kg ,BOMBLOAD
DAY ,DEPARTURE
dt: 1918-10-27,MSNDATE
pc: 35.0,NUMBEROFPLANESATTACKING
dummy,O
,
unit: NO. 99 SQDN ,UNIT
236.83333330000002kg dropped ,BOMBLOAD
AERODROMES ,TGTTYPE
dt: 1918-10-28,MSNDATE
desig: AIRCO DH9A DAY BOMBER ,MDS
dummy,O
,
NO. 104 SQDN ,UNIT
Payload:226.30769229999999kg ,BOMBLOAD
tloc: MORHANQE ,TGTLOCATION
AERODROME ,TGTTYPE
AIRCO DH9 DAY BOMBER ,MDS
qty: 6.0 ,NUMBEROFPLANESATTACKING
dummy,O
,
Unit NO. 97 SQDN ,UNIT
1874.0kg dropped ,BOMBLOAD
tloc: MANNHEIM ,TGTLOCATION
BASF ,TGTTYPE
on 1918-10-28 ,MSNDATE
dummy,O
,
unit: NO. 100 SQDN ,UNIT
at NIGHT ,DEPARTURE
date 1918-10-28 ,MSNDATE
qty: 2.0 ,NUMBEROFPLANESATTACKING
dummy,O
,
Unit NO. 115 SQDN ,UNIT
Payload:1262.666667kg ,BOMBLOAD
on 1918-10-28 ,MSNDATE
desig: HADLEY PAGE O/400 ,MDS
dummy,O
,
during the NIGHT,DEPARTURE
tloc: ECOUVIEZ ,TGTLOCATION
on 1918-10-28 ,MSNDATE
desig: HADLEY PAGE O/400 ,MDS
dummy,O
,
during the NIGHT,DEPARTURE
on 1918-10-28 ,MSNDATE
HADLEY PAGE O/400 ,MDS
pc: 33.0,NUMBEROFPLANESATTACKING
dummy,O
,
bl: 220.0 ,BOMBLOAD
at DAY ,DEPARTURE
to MONTIGNY ,TGTLOCATION
date 1918-10-29 ,MSNDATE
LIBERTY DH 4 ,MDS
pc: 35.0,NUMBEROFPLANESATTACKING
dummy,O
,
166TH AERO SQUADRON ,UNIT
trgt MONTIGNY ,TGTLOCATION
RAILROAD YARDS AMMO DUMP ,TGTTYPE
on 1918-10-29 ,MSNDATE
dummy,O
,
unit: 96TH AERO SQUADRON ,UNIT
bl: 125.7142857 ,BOMBLOAD
on 1918-10-29 ,MSNDATE
BREGUET 14 B2 ,MDS
dummy,O
,
Unit 96TH AERO SQUADRON ,UNIT
at DAY ,DEPARTURE
to DAMVILLERS ,TGTLOCATION
TOWN ,TGTTYPE
dummy,O
,
Unit 96TH AERO SQUADRON ,UNIT
DAY ,DEPARTURE
tloc: DAMVILLERS ,TGTLOCATION
dt: 1918-10-29,MSNDATE
desig: BREGUET 14 B2 ,MDS
pc: 34.0,NUMBEROFPLANESATTACKING
dummy,O
,
96TH AERO SQUADRON ,UNIT
Payload:22.62857143kg ,BOMBLOAD
during the DAY,DEPARTURE
trgt DAMVILLERS ,TGTLOCATION
pc: 34.0,NUMBEROFPLANESATTACKING
dummy,O
,
Unit 96TH AERO SQUADRON ,UNIT
7.813142857000001kg dropped ,BOMBLOAD
DAY ,DEPARTURE
TOWN ,TGTTYPE
dt: 1918-10-29,MSNDATE
desig: BREGUET 14 B2 ,MDS
dummy,O
,
unit: 166TH AERO SQUADRON ,UNIT
bl: 220.0 ,BOMBLOAD
DAY ,DEPARTURE
on 1918-10-29 ,MSNDATE
dummy,O
,
bl: 0.0 ,BOMBLOAD
during the DAY,DEPARTURE
trgt DAMVILLERS ,TGTLOCATION
type: TOWN ,TGTTYPE
date 1918-10-29 ,MSNDATE
desig: LIBERTY DH 4 ,MDS
qty: 2.0 ,NUMBEROFPLANESATTACKING
dummy,O
,
NO. 55 SQDN ,UNIT
226.4kg dropped ,BOMBLOAD
dept: DAY ,DEPARTURE
type: RAILWAYS ,TGTTYPE
on 1918-10-29 ,MSNDATE
pc: 3.0,NUMBEROFPLANESATTACKING
dummy,O
,
NO. 99 SQDN ,UNIT
target LONGUYON ,TGTLOCATION
RAILWAYS ,TGTTYPE
dt: 1918-10-29,MSNDATE
desig: AIRCO DH9A DAY BOMBER ,MDS
qty: 5.0 ,NUMBEROFPLANESATTACKING
dummy,O
,
unit: NO. 104 SQDN ,UNIT
226.30769229999999kg dropped ,BOMBLOAD
during the DAY,DEPARTURE
AERODROME ,TGTTYPE
dt: 1918-10-29,MSNDATE
qty: 6.0 ,NUMBEROFPLANESATTACKING
dummy,O
,
NO. 97 SQDN ,UNIT
bl: 1618.0 ,BOMBLOAD
tloc: HAGENAU MANNHEIM ,TGTLOCATION
type: AERODROME BASF ,TGTTYPE
pc: 14.0,NUMBEROFPLANESATTACKING
dummy,O
,
1619.0kg dropped ,BOMBLOAD
during the NIGHT,DEPARTURE
tloc: OFFENBURQ ,TGTLOCATION
type: RAILWAY JTN ,TGTTYPE
desig: HADLEY PAGE O/400 ,MDS
dummy,O
,
unit: NO. 215 SQDN ,UNIT
bl: 1527.333333 ,BOMBLOAD
at NIGHT ,DEPARTURE
dt: 1918-10-29,MSNDATE
HADLEY PAGE O/400 ,MDS
pc: 23.0,NUMBEROFPLANESATTACKING
dummy,O
,
unit: NO. 216 SQDN ,UNIT
bl: 1568.0 ,BOMBLOAD
tloc: MANNHEIM SAARBRUCKEN WORMS ,TGTLOCATION
type: MUNITIONS FACT BLST FUM ,TGTTYPE
on 1918-10-29 ,MSNDATE
desig: HADLEY PAGE O/400 ,MDS
pc: 33.0,NUMBEROFPLANESATTACKING
dummy,O
,
Unit 20TH AERO SQUADRON ,UNIT
Payload:220.0kg ,BOMBLOAD
at DAY ,DEPARTURE
target NOUART ,TGTLOCATION
dt: 1918-10-30,MSNDATE
LIBERTY DH 4 ,MDS
pc: 3.0,NUMBEROFPLANESATTACKING
dummy,O
,
20TH AERO SQUADRON ,UNIT
Payload:0.243kg ,BOMBLOAD
at DAY ,DEPARTURE
to NOUART ,TGTLOCATION
type: TROOPS ,TGTTYPE
date 1918-10-30 ,MSNDATE
pc: 3.0,NUMBEROFPLANESATTACKING
dummy,O
,
Unit 166TH AERO SQUADRON ,UNIT
bl: 220.0 ,BOMBLOAD
target BAYONVILLE ,TGTLOCATION
TOWN ,TGTTYPE
date 1918-10-30 ,MSNDATE
desig: LIBERTY DH 4 ,MDS
qty: 3.0 ,NUMBEROFPLANESATTACKING
dummy,O
,
20TH AERO SQUADRON ,UNIT
DAY ,DEPARTURE
to BELLEVILLE ,TGTLOCATION
TOWN ,TGTTYPE
on 1918-10-30 ,MSNDATE
desig: LIBERTY DH 4 ,MDS
dummy,O
,
unit: 20TH AERO SQUADRON ,UNIT
Payload:4.32kg ,BOMBLOAD
at DAY ,DEPARTURE
date 1918-10-30 ,MSNDATE
desig: LIBERTY DH 4 ,MDS
pc: 36.0,NUMBEROFPLANESATTACKING
dummy,O
,
166TH AERO SQUADRON ,UNIT
bl: 220.0 ,BOMBLOAD
during the DAY,DEPARTURE
tloc: BELLEVILLE ,TGTLOCATION
date 1918-10-30 ,MSNDATE
desig: LIBERTY DH 4 ,MDS
dummy,O
,
Unit 166TH AERO SQUADRON ,UNIT
during the DAY,DEPARTURE
TOWN ,TGTTYPE
pc: 3.0,NUMBEROFPLANESATTACKING
dummy,O
,
NO. 99 SQDN ,UNIT
dept: DAY ,DEPARTURE
tloc: BUHL ,TGTLOCATION
on 1918-10-30 ,MSNDATE
desig: AIRCO DH9A DAY BOMBER ,MDS
dummy,O
,
NO. 100 SQDN ,UNIT
at NIGHT ,DEPARTURE
tloc: KARLSRUHE SAARBRUCKEN ,TGTLOCATION
date 1918-10-30 ,MSNDATE
HADLEY PAGE O/400 ,MDS
dummy,O
,
dept: NIGHT ,DEPARTURE
tloc: BADEN MORHANQE HAGENAU ,TGTLOCATION
RAILWAYS AERODROMES ,TGTTYPE
dt: 1918-10-30,MSNDATE
desig: HADLEY PAGE O/400 ,MDS
pc: 23.0,NUMBEROFPLANESATTACKING
dummy,O
,
unit: 96TH AERO SQUADRON ,UNIT
Payload:75.42857143kg ,BOMBLOAD
dt: 1918-10-31,MSNDATE
BREGUET 14 B2 ,MDS
dummy,O
,
96TH AERO SQUADRON ,UNIT
at DAY ,DEPARTURE
tloc: TAILLY ,TGTLOCATION
date 1918-10-31 ,MSNDATE
BREGUET 14 B2 ,MDS
dummy,O
,
96TH AERO SQUADRON ,UNIT
Payload:22.62857143kg ,BOMBLOAD
trgt TAILLY ,TGTLOCATION
type: TOWN ,TGTTYPE
dt: 1918-10-31,MSNDATE
dummy,O
,
96TH AERO SQUADRON ,UNIT
bl: 11.31428571 ,BOMBLOAD
at DAY ,DEPARTURE
tloc: TAILLY ,TGTLOCATION
on 1918-10-31 ,MSNDATE
desig: BREGUET 14 B2 ,MDS
dummy,O
,
unit: 166TH AERO SQUADRON ,UNIT
bl: 220.0 ,BOMBLOAD
type: TOWN ,TGTTYPE
on 1918-10-31 ,MSNDATE
desig: LIBERTY DH 4 ,MDS
dummy,O
,
unit: 166TH AERO SQUADRON ,UNIT
bl: 8.286666667 ,BOMBLOAD
during the DAY,DEPARTURE
trgt TAILLY ,TGTLOCATION
type: TOWN ,TGTTYPE
dt: 1918-10-31,MSNDATE
qty: 33.0 ,NUMBEROFPLANESATTACKING
dummy,O
,
Payload:220.0kg ,BOMBLOAD
target TAILLY ,TGTLOCATION
type: TOWN ,TGTTYPE
date 1918-10-31 ,MSNDATE
desig: LIBERTY DH 4 ,MDS
qty: 34.0 ,NUMBEROFPLANESATTACKING
dummy,O
,
Unit NO. 55 SQDN ,UNIT
at DAY ,DEPARTURE
tloc: BONN FRESCATY TREVES ,TGTLOCATION
type: RAILWAYS & STN AERODROME ,TGTTYPE
desig: AIRCO DH4 DAY BOMBER ,MDS
dummy,O
,
Unit NO. 99 SQDN ,UNIT
bl: 227.4285714 ,BOMBLOAD
tloc: BUHL ,TGTLOCATION
AERODROME ,TGTTYPE
dt: 1918-10-31,MSNDATE
pc: 34.0,NUMBEROFPLANESATTACKING
dummy,O
,
NO. 104 SQDN ,UNIT
during the DAY,DEPARTURE
target BUHL ,TGTLOCATION
AERODROME ,TGTTYPE
AIRCO DH9 DAY BOMBER ,MDS
qty: 36.0 ,NUMBEROFPLANESATTACKING
dummy,O
,
Unit NO. 99 SQDN ,UNIT
336.0kg dropped ,BOMBLOAD
desig: AIRCO DH9A DAY BOMBER ,MDS
qty: 2.0 ,NUMBEROFPLANESATTACKING
dummy,O
,
140.8kg dropped ,BOMBLOAD
DAY ,DEPARTURE
trgt STENAY ,TGTLOCATION
type: BRIDGE ,TGTTYPE
dt: 1918-11-03,MSNDATE
BREGUET 14 B2 ,MDS
qty: 31.0 ,NUMBEROFPLANESATTACKING
dummy,O
,
unit: 96TH AERO SQUADRON ,UNIT
Payload:88.0kg ,BOMBLOAD
type: BRIDGE ,TGTTYPE
date 1918-11-03 ,MSNDATE
BREGUET 14 B2 ,MDS
pc: 31.0,NUMBEROFPLANESATTACKING
dummy,O
,
unit: 96TH AERO SQUADRON ,UNIT
bl: 79.2 ,BOMBLOAD
target STENAY ,TGTLOCATION
BREGUET 14 B2 ,MDS
pc: 31.0,NUMBEROFPLANESATTACKING
dummy,O
,
Unit 96TH AERO SQUADRON ,UNIT
39.6kg dropped ,BOMBLOAD
BREGUET 14 B2 ,MDS
qty: 31.0 ,NUMBEROFPLANESATTACKING
dummy,O
,
at DAY ,DEPARTURE
to STENAY ,TGTLOCATION
TOWN ,TGTTYPE
desig: LIBERTY DH 4 ,MDS
pc: 36.0,NUMBEROFPLANESATTACKING
dummy,O
,
20TH AERO SQUADRON ,UNIT
220.0kg dropped ,BOMBLOAD
type: TOWN ,TGTTYPE
dt: 1918-11-03,MSNDATE
desig: LIBERTY DH 4 ,MDS
qty: 34.0 ,NUMBEROFPLANESATTACKING
dummy,O
,
dept: DAY ,DEPARTURE
tloc: BEAUMONT ,TGTLOCATION
date 1918-11-03 ,MSNDATE
desig: LIBERTY DH 4 ,MDS
qty: 34.0 ,NUMBEROFPLANESATTACKING
dummy,O
,
unit: 96TH AERO SQUADRON ,UNIT
tloc: BEAUMONT ,TGTLOCATION
type: TOWN ,TGTTYPE
BREGUET 14 B2 ,MDS
qty: 33.0 ,NUMBEROFPLANESATTACKING
dummy,O
,
96TH AERO SQUADRON ,UNIT
DAY ,DEPARTURE
target BEAUMONT ,TGTLOCATION
pc: 33.0,NUMBEROFPLANESATTACKING
dummy,O
,
bl: 14.66666667 ,BOMBLOAD
during the DAY,DEPARTURE
to BEAUMONT ,TGTLOCATION
TOWN ,TGTTYPE
desig: BREGUET 14 B2 ,MDS
qty: 33.0 ,NUMBEROFPLANESATTACKING
dummy,O
,
unit: 96TH AERO SQUADRON ,UNIT
bl: 1.2429999999999999 ,BOMBLOAD
TOWN ,TGTTYPE
desig: BREGUET 14 B2 ,MDS
dummy,O
,
bl: 0.0 ,BOMBLOAD
dept: DAY ,DEPARTURE
target BEAUMONT ,TGTLOCATION
TOWN ,TGTTYPE
pc: 33.0,NUMBEROFPLANESATTACKING
dummy,O
,
166TH AERO SQUADRON ,UNIT
Payload:220.0kg ,BOMBLOAD
trgt BEAUMONT ,TGTLOCATION
type: TOWN ,TGTTYPE
date 1918-11-03 ,MSNDATE
LIBERTY DH 4 ,MDS
qty: 35.0 ,NUMBEROFPLANESATTACKING
dummy,O
,
166TH AERO SQUADRON ,UNIT
Payload:1.55375kg ,BOMBLOAD
dt: 1918-11-03,MSNDATE
desig: LIBERTY DH 4 ,MDS
dummy,O
,
NO. 55 SQDN ,UNIT
dept: DAY ,DEPARTURE
target SAARBURG ,TGTLOCATION
type: RAILWAY SIDINGS ,TGTTYPE
qty: 36.0 ,NUMBEROFPLANESATTACKING
dummy,O
,
DAY ,DEPARTURE
tloc: BUHL LORQUIN ,TGTLOCATION
type: AERODROMES ,TGTTYPE
date 1918-11-03 ,MSNDATE
AIRCO DH9A DAY BOMBER ,MDS
pc: 4.0,NUMBEROFPLANESATTACKING
dummy,O
,
NO. 104 SQDN ,UNIT
Payload:228.66666669999998kg ,BOMBLOAD
DAY ,DEPARTURE
target LORQUIN ,TGTLOCATION
AIRCO DH9 DAY BOMBER ,MDS
dummy,O
,
Payload:220.0kg ,BOMBLOAD
DAY ,DEPARTURE
TOWN ,TGTTYPE
date 1918-11-04 ,MSNDATE
LIBERTY DH 4 ,MDS
pc: 3.0,NUMBEROFPLANESATTACKING
dummy,O
,
unit: 166TH AERO SQUADRON ,UNIT
220.0kg dropped ,BOMBLOAD
type: RAIL YARD ,TGTTYPE
dt: 1918-11-04,MSNDATE
dummy,O
,
dept: DAY ,DEPARTURE
trgt CHAUVENCY-LE-CHATEAU ,TGTLOCATION
type: TOWN ,TGTTYPE
on 1918-11-04 ,MSNDATE
desig: BREGUET 14 B2 ,MDS
pc: 34.0,NUMBEROFPLANESATTACKING
dummy,O
,
Unit 96TH AERO SQUADRON ,UNIT
94.28571429kg dropped ,BOMBLOAD
DAY ,DEPARTURE
target CHEVANEY-LE-CHATEAU ,TGTLOCATION
TOWN ,TGTTYPE
dummy,O
,
unit: 96TH AERO SQUADRON ,UNIT
during the DAY,DEPARTURE
target CHEVANEY-LE-CHATEAU ,TGTLOCATION
dt: 1918-11-04,MSNDATE
BREGUET 14 B2 ,MDS
dummy,O
,
unit: 96TH AERO SQUADRON ,UNIT
22.62857143kg dropped ,BOMBLOAD
DAY ,DEPARTURE
dt: 1918-11-04,MSNDATE
desig: BREGUET 14 B2 ,MDS
qty: 34.0 ,NUMBEROFPLANESATTACKING
dummy,O
,
96TH AERO SQUADRON ,UNIT
7.457999999999999kg dropped ,BOMBLOAD
dept: DAY ,DEPARTURE
to CHEVANEY-LE-CHATEAU ,TGTLOCATION
on 1918-11-04 ,MSNDATE
pc: 34.0,NUMBEROFPLANESATTACKING
dummy,O
,
Unit 20TH AERO SQUADRON ,UNIT
to MONTMEDY ,TGTLOCATION
type: TOWN ,TGTTYPE
dt: 1918-11-04,MSNDATE
LIBERTY DH 4 ,MDS
dummy,O
,
at DAY ,DEPARTURE
to MOUZON ,TGTLOCATION
RAILROAD YARDS ,TGTTYPE
desig: LIBERTY DH 4 ,MDS
pc: 35.0,NUMBEROFPLANESATTACKING
dummy,O
,
Unit 20TH AERO SQUADRON ,UNIT
bl: 10.87625 ,BOMBLOAD
during the DAY,DEPARTURE
tloc: MOUZON ,TGTLOCATION
LIBERTY DH 4 ,MDS
qty: 35.0 ,NUMBEROFPLANESATTACKING
dummy,O
,
at DAY ,DEPARTURE
trgt MORHANQE ,TGTLOCATION
AERODROME ,TGTTYPE
desig: AIRCO DH9A DAY BOMBER ,MDS
qty: 4.0 ,NUMBEROFPLANESATTACKING
dummy,O
,
at NIGHT ,DEPARTURE
tloc: MORHANGE ,TGTLOCATION
AERODROME ,TGTTYPE
dummy,O
,
unit: NO. 100 SQDN ,UNIT
to LELLINQEN ,TGTLOCATION
date 1918-11-05 ,MSNDATE
desig: HADLEY PAGE O/400 ,MDS
pc: 2.0,NUMBEROFPLANESATTACKING
dummy,O
,
1470.0kg dropped ,BOMBLOAD
dept: NIGHT ,DEPARTURE
tloc: DIEUZE FRESCATY ,TGTLOCATION
dt: 1918-11-05,MSNDATE
HADLEY PAGE O/400 ,MDS
pc: 14.0,NUMBEROFPLANESATTACKING
dummy,O
,
NO. 215 SQDN ,UNIT
dept: NIGHT ,DEPARTURE
type: AERODROME ,TGTTYPE
on 1918-11-05 ,MSNDATE
pc: 2.0,NUMBEROFPLANESATTACKING
dummy,O
,
Payload:1446.0kg ,BOMBLOAD
trgt MORHANQE ,TGTLOCATION
desig: HADLEY PAGE O/400 ,MDS
pc: 2.0,NUMBEROFPLANESATTACKING
dummy,O
,
NO. 55 SQDN ,UNIT
dept: DAY ,DEPARTURE
to SAARBRUCKEN HATTIGNY ,TGTLOCATION
BURBACH WKS AERODROME ,TGTTYPE
date 1918-11-06 ,MSNDATE
desig: AIRCO DH4 DAY BOMBER ,MDS
pc: 33.0,NUMBEROFPLANESATTACKING
dummy,O
,
230.2kg dropped ,BOMBLOAD
during the DAY,DEPARTURE
AERODROME ,TGTTYPE
date 1918-11-06 ,MSNDATE
desig: AIRCO DH9A DAY BOMBER ,MDS
dummy,O
,
NO. 104 SQDN ,UNIT
227.8181818kg dropped ,BOMBLOAD
type: AERODROME ,TGTTYPE
AIRCO DH9 DAY BOMBER ,MDS
pc: 4.0,NUMBEROFPLANESATTACKING
dummy,O
,
at DAY ,DEPARTURE
on 1918-11-09 ,MSNDATE
pc: 2.0,NUMBEROFPLANESATTACKING
dummy,O
,
unit: NO. 99 SQDN ,UNIT
Payload:398.0kg ,BOMBLOAD
DAY ,DEPARTURE
target CHATEAU SALINS ,TGTLOCATION
dt: 1918-11-09,MSNDATE
qty: 14.0 ,NUMBEROFPLANESATTACKING
dummy,O
,
unit: NO. 104 SQDN ,UNIT
Payload:200.0kg ,BOMBLOAD
at DAY ,DEPARTURE
tloc: LORQUIN RACHICOURT ,TGTLOCATION
on 1918-11-09 ,MSNDATE
qty: 14.0 ,NUMBEROFPLANESATTACKING
dummy,O
,
NO. 55 SQDN ,UNIT
bl: 226.7272727 ,BOMBLOAD
DAY ,DEPARTURE
type: RAILWAY SIDINQS ,TGTTYPE
qty: 4.0 ,NUMBEROFPLANESATTACKING
dummy,O
,
bl: 227.4285714 ,BOMBLOAD
tloc: MORHANQE ,TGTLOCATION
AERODROME ,TGTTYPE
AIRCO DH9A DAY BOMBER ,MDS
qty: 34.0 ,NUMBEROFPLANESATTACKING
dummy,O
,
unit: NO. 104 SQDN ,UNIT
220.66666669999998kg dropped ,BOMBLOAD
type: AERODROME ,TGTTYPE
desig: AIRCO DH9 DAY BOMBER ,MDS
pc: 36.0,NUMBEROFPLANESATTACKING
dummy,O
,
unit: NO. 110 SQDN ,UNIT
217.63636359999998kg dropped ,BOMBLOAD
DAY ,DEPARTURE
target MORHANQE ,TGTLOCATION
qty: 4.0 ,NUMBEROFPLANESATTACKING
dummy,O
,
at NIGHT ,DEPARTURE
trgt MORHANQE ,TGTLOCATION
type: AERODROME ,TGTTYPE
date 1918-11-10 ,MSNDATE
dummy,O
,
bl: 1106.0 ,BOMBLOAD
to LELLINQEN & FRESCATY ,TGTLOCATION
on 1918-11-10 ,MSNDATE
desig: HADLEY PAGE O/400 ,MDS
dummy,O
,
NO. 115 SQDN ,UNIT
bl: 1668.0 ,BOMBLOAD
AERODROME ,TGTTYPE
HADLEY PAGE O/400 ,MDS
dummy,O
,
1507.0kg dropped ,BOMBLOAD
at NIGHT ,DEPARTURE
to MORHANGE S FRESCATY ,TGTLOCATION
AERODROMES ,TGTTYPE
desig: HADLEY PAGE O/400 ,MDS
qty: 14.0 ,NUMBEROFPLANESATTACKING
dummy,O
,
Unit NO. 216 SQDN ,UNIT
at NIGHT ,DEPARTURE
target METZ-SABLON FRESCATY ,TGTLOCATION
type: RAILWAY AERODROME ,TGTTYPE
date 1918-11-10 ,MSNDATE
desig: HADLEY PAGE O/400 ,MDS
dummy,O
,
